,ticker,Previous Close,Open,Bid,Ask,Day's Range,52 Week Range,Volume,Avg. Volume,Market Cap,Beta (5Y Monthly),PE Ratio (TTM),EPS (TTM),Earnings Date,Forward Dividend & Yield,Ex-Dividend Date,1y Target Est
0,MMM,179.42,179.88,180.91 x 800,181.58 x 1000,179.03 - 181.34,163.38 - 208.95,"2,041,707","2,252,300",104.313B,0.95,17.90,10.11,"Jan 25, 2022",5.92 (3.30%),"Nov 18, 2021",184.45
1,AOS,83.98,84.10,82.98 x 800,82.80 x 800,82.69 - 84.94,52.08 - 86.74,"627,558","1,004,258",13.201B,1.14,28.70,2.89,"Jan 27, 2022",1.12 (1.33%),"Oct 28, 2021",83.56
2,ABT,133.25,132.39,129.72 x 800,130.18 x 800,129.43 - 132.83,105.36 - 142.60,"6,675,188","5,441,139",229.259B,0.70,32.17,4.03,"Jan 26, 2022",1.88 (1.41%),"Jan 13, 2022",145.18
3,ABBV,135.88,135.00,133.57 x 800,133.73 x 800,132.90 - 135.12,101.81 - 138.15,"7,791,484","6,277,547",236.047B,0.82,31.82,4.20,"Feb 02, 2022",5.64 (4.12%),"Jan 13, 2022",138.26
4,ABMD,336.44,334.79,0.00 x 800,0.00 x 800,319.04 - 336.02,261.27 - 387.40,"434,240","250,388",14.526B,1.29,98.03,3.26,"Jan 26, 2022 - Jan 31, 2022",N/A (N/A),N/A,379.80
5,ACN,377.19,378.22,371.58 x 1100,371.72 x 800,370.57 - 379.28,241.73 - 417.37,"1,033,447","2,261,609",235.489B,1.16,38.73,9.61,"Mar 17, 2022",3.88 (1.03%),"Jan 12, 2022",N/A
6,ATVI,64.81,64.91,63.76 x 800,64.65 x 800,64.01 - 65.00,56.40 - 104.53,"10,066,154","12,152,500",49.981B,0.70,19.04,3.37,"Feb 03, 2022",0.47 (0.71%),"Apr 14, 2021",92.27
7,ADBE,532.37,532.22,517.58 x 800,516.50 x 800,516.32 - 535.21,420.78 - 699.54,"3,345,192","2,928,353",245.941B,1.00,51.59,10.02,"Mar 22, 2022",N/A (N/A),"Mar 24, 2005",664.36
8,AAP,239.88,240.64,235.77 x 1800,236.40 x 900,234.87 - 242.15,143.15 - 243.05,"810,386","631,552",14.764B,1.26,24.11,9.82,"Feb 14, 2022 - Feb 18, 2022",4.00 (1.67%),"Dec 16, 2021",254.69
9,AES,23.43,23.44,23.20 x 3200,23.45 x 800,23.22 - 23.68,22.60 - 29.07,"2,866,495","4,603,338",15.514B,N/A,29.99,0.78,"Feb 23, 2022 - Feb 28, 2022",0.63 (2.71%),"Jan 31, 2022",30.55
10,AFL,63.34,63.62,63.38 x 900,63.39 x 800,63.21 - 64.22,44.76 - 64.22,"2,811,684","3,134,139",41.961B,1.00,10.29,6.17,"Feb 02, 2022",1.60 (2.53%),"Feb 15, 2022",60.55
11,A,149.51,149.46,142.85 x 900,146.00 x 900,144.85 - 149.54,112.47 - 179.57,"1,471,782","1,605,217",43.841B,1.00,36.85,3.94,"Feb 14, 2022 - Feb 18, 2022",0.84 (0.57%),"Jan 03, 2022",N/A
12,AIG,61.37,61.79,61.85 x 800,61.79 x 800,61.55 - 62.25,36.80 - 62.54,"3,207,173","4,585,538",51.371B,1.39,9.70,6.38,"Feb 14, 2022 - Feb 18, 2022",1.28 (2.09%),"Dec 15, 2021",64.86
13,APD,299.75,299.12,294.47 x 800,294.57 x 1400,293.92 - 300.18,245.75 - 316.39,"654,164","1,002,973",65.239B,0.81,31.19,9.44,"Feb 04, 2022",6.00 (2.00%),"Dec 31, 2021",329.36
14,AKAM,114.11,114.24,113.16 x 900,113.15 x 800,112.72 - 114.81,92.64 - 124.91,"783,470","1,331,400",18.346B,0.54,31.01,3.64,"Feb 15, 2022",N/A (N/A),N/A,134.46
15,ALK,55.15,55.50,56.52 x 800,56.40 x 800,55.20 - 57.60,46.26 - 74.25,"1,815,917","1,887,544",7.086B,1.63,543.75,0.10,"Jan 27, 2022",N/A (N/A),"Feb 14, 2020",76.36
16,ALB,241.07,242.96,235.61 x 1100,235.89 x 800,234.52 - 246.79,133.82 - 291.48,"599,542","1,147,503",27.516B,1.54,126.06,1.87,"Feb 16, 2022",1.56 (0.65%),"Dec 16, 2021",261.05
17,ARE,209.84,208.28,196.00 x 1100,209.21 x 800,207.90 - 210.42,154.37 - 224.95,"1,287,189","701,433",33.412B,0.80,32.08,6.51,"Jan 31, 2022",4.60 (2.23%),"Dec 30, 2021",229.64
18,ALGN,548.91,547.45,559.08 x 1000,559.95 x 1000,535.32 - 561.16,494.45 - 737.45,"560,936","663,950",44.174B,1.57,60.38,9.28,"Feb 02, 2022",N/A (N/A),N/A,757.45
19,ALL,123.79,124.31,123.95 x 800,124.10 x 1200,123.87 - 125.44,102.55 - 140.00,"1,048,036","2,112,103",35.594B,0.85,11.46,10.83,"Feb 02, 2022",3.24 (2.62%),"Nov 29, 2021",131.57
20,GOOGL,"2,828.61","2,830.80","2,766.45 x 800","2,771.72 x 1100","2,768.18 - 2,857.00","1,711.71 - 3,019.33","1,460,161","1,553,836",1.842T,1.06,26.70,103.81,"Jan 31, 2022 - Feb 04, 2022",N/A (N/A),N/A,"3,334.16"
21,GOOG,"2,832.96","2,836.81","2,780.00 x 1000","2,786.00 x 1400","2,778.61 - 2,863.71","1,721.55 - 3,037.00","1,249,838","1,150,617",1.845T,1.06,26.81,103.81,N/A,N/A (N/A),N/A,"3,366.67"
22,MO,49.49,49.61,50.26 x 1300,50.27 x 3200,49.52 - 50.43,40.46 - 52.59,"7,672,459","8,306,865",92.419B,0.70,33.67,1.49,"Jan 27, 2022",3.60 (7.28%),"Dec 22, 2021",53.08
23,AMZN,"3,304.14","3,305.01","3,225.09 x 800","3,226.90 x 1400","3,221.82 - 3,324.43","2,881.00 - 3,773.08","2,562,205","3,251,715",1.635T,1.10,63.10,51.10,"Jan 31, 2022 - Feb 04, 2022",N/A (N/A),N/A,"4,108.80"
24,AMCR,12.12,12.18,12.12 x 1800,12.25 x 1100,12.02 - 12.20,10.33 - 12.92,"5,170,585","5,863,725",18.628B,0.43,20.02,0.61,"Jan 31, 2022 - Feb 04, 2022",0.48 (4.00%),"Nov 23, 2021",12.80
25,AMD,137.47,139.44,132.41 x 1200,131.98 x 900,131.81 - 141.25,72.50 - 164.46,"76,414,435","58,597,279",160.298B,1.87,40.94,3.24,"Jan 24, 2022 - Jan 28, 2022",N/A (N/A),"Apr 27, 1995",143.63
26,AAL,18.50,18.73,19.34 x 1300,19.35 x 2900,18.63 - 19.76,15.02 - 26.09,"55,600,879","34,828,819",12.523B,1.66,N/A,-5.18,"Jan 20, 2022",N/A (N/A),"Feb 04, 2020",19.00
27,AEP,90.29,90.26,90.69 x 1100,90.78 x 1400,89.91 - 91.58,74.80 - 91.58,"2,824,391","2,606,060",45.102B,0.36,19.08,4.76,"Feb 24, 2022",3.12 (3.48%),"Nov 09, 2021",97.91
28,AXP,174.47,174.92,173.29 x 800,173.32 x 1100,172.85 - 176.38,112.10 - 189.03,"3,626,600","3,744,347",134.223B,1.24,18.10,9.57,"Jan 25, 2022",1.72 (0.98%),"Jan 06, 2022",192.87
29,AMT,264.89,264.03,261.00 x 900,268.00 x 900,261.00 - 269.24,197.50 - 303.72,"2,244,354","1,740,680",121.404B,0.37,48.41,5.51,"Feb 23, 2022 - Feb 28, 2022",5.56 (2.09%),"Dec 23, 2021",304.40
30,AWK,169.18,169.14,167.83 x 800,167.88 x 800,167.53 - 170.33,131.01 - 189.65,"736,358","731,031",30.515B,0.31,40.04,4.20,"Feb 22, 2022 - Feb 28, 2022",2.41 (1.42%),"Feb 07, 2022",176.08
31,AMP,314.94,317.70,295.00 x 800,347.57 x 800,314.06 - 320.08,196.77 - 323.35,"453,108","538,230",35.715B,1.61,17.35,18.40,"Jan 25, 2022 - Jan 31, 2022",4.52 (1.44%),"Nov 05, 2021",339.33
32,ABC,130.45,131.11,0.00 x 1000,0.00 x 800,128.90 - 133.48,100.71 - 135.26,"1,106,632","889,046",27.707B,0.51,18.01,7.39,"Feb 02, 2022",1.84 (1.38%),"Nov 12, 2021",146.92
33,AMGN,231.76,232.05,230.89 x 1100,233.00 x 1100,230.33 - 233.20,198.64 - 276.69,"2,088,166","2,806,642",130.03B,0.64,23.80,9.70,"Jan 31, 2022 - Feb 04, 2022",7.76 (3.34%),"Feb 14, 2022",239.96
34,APH,87.46,87.80,86.96 x 1100,86.96 x 800,86.43 - 88.00,58.58 - 88.45,"1,003,284","1,909,468",51.873B,1.24,36.45,2.38,"Jan 25, 2022 - Jan 31, 2022",0.80 (0.91%),"Dec 20, 2021",85.64
35,ADI,173.75,175.61,169.78 x 800,170.50 x 800,169.24 - 176.27,142.25 - 191.95,"3,514,487","3,305,569",89.191B,1.11,49.07,3.46,"Feb 15, 2022 - Feb 21, 2022",2.76 (1.59%),"Dec 02, 2021",207.56
36,ANSS,403.59,404.68,405.29 x 800,406.00 x 1100,402.83 - 407.46,292.79 - 413.89,"35,456","349,017",35.52B,1.24,76.55,5.32,"Feb 22, 2022 - Feb 28, 2022",N/A (N/A),N/A,416.69
37,ANTM,451.83,449.93,444.00 x 800,447.51 x 1300,444.55 - 451.88,286.04 - 470.02,"516,677","1,083,842",108.452B,1.07,20.10,22.23,"Jan 26, 2022",4.52 (1.00%),"Dec 02, 2021",483.87
38,APA,32.65,32.66,32.00 x 1200,32.44 x 800,31.94 - 33.31,14.03 - 33.31,"8,061,663","9,585,679",11.657B,4.73,20.52,1.56,"Feb 22, 2022 - Feb 28, 2022",0.50 (1.56%),"Jan 20, 2022",35.59
39,AAPL,175.53,175.78,172.09 x 800,172.29 x 800,171.79 - 176.62,116.21 - 182.94,"81,572,060","91,203,723",2.813T,1.20,30.69,5.61,"Jan 27, 2022",0.88 (0.50%),"Nov 05, 2021",177.31
40,AMAT,159.55,164.00,156.51 x 900,157.50 x 1000,156.50 - 166.53,96.07 - 166.53,"12,234,360","6,997,717",139.656B,1.38,24.56,6.40,"Feb 16, 2022",0.96 (0.63%),"Feb 22, 2022",171.34
41,APTV,165.07,158.40,164.69 x 1100,163.83 x 900,157.72 - 162.28,127.21 - 180.81,"2,827,772","1,385,084",43.201B,2.07,54.30,2.94,"Feb 01, 2022 - Feb 07, 2022",N/A (N/A),"Feb 04, 2020",182.83
42,ADM,69.93,70.20,0.00 x 1000,0.00 x 1300,69.57 - 70.57,49.28 - 70.57,"2,433,040","2,360,023",39.429B,0.90,15.22,4.63,"Jan 24, 2022 - Jan 28, 2022",1.48 (2.12%),"Nov 16, 2021",71.00
43,ANET,131.54,131.67,0.00 x 1100,0.00 x 800,130.09 - 133.42,65.52 - 148.57,"1,088,049","2,286,973",40.926B,1.19,54.07,2.46,"Feb 16, 2022 - Feb 21, 2022",N/A (N/A),N/A,135.51
44,T,26.45,26.50,26.78 x 1100,26.74 x 1800,26.32 - 27.07,22.02 - 33.88,"48,576,143","54,014,085",191.379B,0.68,207.75,0.13,"Jan 26, 2022",2.08 (7.86%),"Jan 07, 2022",30.30
45,ATO,102.73,102.94,103.46 x 4000,103.51 x 1000,102.78 - 103.57,84.59 - 104.99,"130,363","1,034,395",13.707B,0.46,20.17,5.12,"Jan 31, 2022 - Feb 04, 2022",2.72 (2.65%),"Nov 26, 2021",110.22
46,ADSK,264.11,262.50,260.20 x 1800,264.96 x 800,258.49 - 266.64,245.05 - 344.39,"1,179,033","1,489,034",57.703B,1.41,44.25,5.93,"Feb 23, 2022 - Feb 28, 2022",N/A (N/A),"Mar 22, 2005",329.81
47,ADP,234.63,234.86,232.03 x 900,232.00 x 800,231.30 - 236.05,159.31 - 248.96,"1,068,423","1,452,001",97.732B,0.76,36.70,6.32,"Jan 26, 2022",4.16 (1.77%),"Dec 09, 2021",231.49
48,AZO,"2,052.88","2,058.04","1,960.11 x 2200","2,050.05 x 1000","2,042.60 - 2,077.07","1,111.71 - 2,110.00","91,189","159,095",42.268B,0.88,19.97,102.57,"Feb 28, 2022 - Mar 04, 2022",N/A (N/A),N/A,"2,197.29"
49,AVB,252.59,255.91,252.24 x 1000,252.45 x 800,248.76 - 255.79,154.84 - 255.79,"359,885","626,503",35.264B,0.95,34.88,7.24,"Feb 01, 2022 - Feb 07, 2022",6.36 (2.52%),"Dec 30, 2021",254.83
50,AVY,216.57,216.81,212.19 x 900,212.29 x 800,211.69 - 216.93,147.40 - 229.24,"192,550","412,333",17.534B,1.00,23.78,8.91,"Feb 01, 2022 - Feb 07, 2022",2.72 (1.26%),"Nov 30, 2021",241.18
51,BKR,26.73,26.41,26.28 x 1000,26.60 x 800,26.18 - 27.00,18.75 - 27.66,"9,170,371","8,769,330",22.854B,1.62,145.94,0.18,"Jan 20, 2022",0.72 (2.67%),"Nov 01, 2021",29.56
52,BLL,96.27,95.96,93.55 x 1400,93.59 x 1000,92.84 - 96.03,77.95 - 98.09,"774,211","1,728,396",30.245B,0.48,38.46,2.43,"Jan 27, 2022",0.80 (0.83%),"Nov 30, 2021",101.88
53,BAC,48.86,48.92,48.70 x 1300,48.81 x 1000,48.63 - 49.49,29.57 - 50.08,"42,481,796","46,524,960",399.056B,1.49,14.60,3.34,"Jan 19, 2022",0.84 (1.71%),"Dec 02, 2021",51.08
54,BBWI,58.67,59.09,57.17 x 900,57.28 x 800,57.05 - 59.50,29.18 - 82.00,"2,748,559","2,836,711",14.783B,1.70,9.99,5.74,"Feb 23, 2022",0.60 (1.02%),"Nov 18, 2021",N/A
55,BAX,87.45,87.37,86.34 x 1000,86.36 x 800,85.93 - 87.69,73.12 - 88.91,"1,519,327","2,345,119",43.3B,0.64,36.40,2.38,"Feb 17, 2022",1.12 (1.28%),"Dec 02, 2021",97.80
56,BDX,261.91,261.11,249.00 x 1000,267.00 x 800,259.29 - 263.84,235.13 - 265.23,"1,272,873","1,333,626",75.163B,0.72,38.49,6.85,"Feb 03, 2022",3.48 (1.33%),"Dec 09, 2021",270.23
57,BBY,102.50,101.74,102.28 x 800,104.46 x 1000,98.22 - 102.96,94.54 - 141.97,"5,299,858","3,076,062",24.718B,1.56,9.93,10.34,"Feb 23, 2022 - Feb 28, 2022",2.80 (2.73%),"Dec 13, 2021",127.31
58,BIO,664.48,668.25,0.00 x 1100,764.87 x 800,658.60 - 678.69,545.00 - 832.70,"129,173","114,144",20.269B,0.86,3.06,220.48,"Feb 09, 2022 - Feb 14, 2022",N/A (N/A),N/A,918.75
59,TECH,517.34,516.63,487.42 x 800,486.97 x 900,485.32 - 519.05,311.03 - 543.85,"243,250","171,042",19.168B,1.13,112.47,4.34,"Jan 31, 2022 - Feb 04, 2022",1.28 (0.25%),"Nov 10, 2021",554.20
60,BIIB,225.34,225.30,236.06 x 900,239.61 x 1800,225.55 - 239.64,217.10 - 468.55,"3,726,535","1,519,576",34.765B,0.42,23.16,10.22,"Feb 01, 2022 - Feb 07, 2022",N/A (N/A),N/A,296.60
61,BLK,885.11,890.73,866.64 x 1000,867.08 x 800,864.12 - 891.16,670.28 - 973.16,"757,515","513,755",131.8B,1.19,23.07,37.61,"Jan 14, 2022",16.52 (1.87%),"Dec 06, 2021","1,021.67"
62,BK,63.55,63.56,63.61 x 900,63.62 x 800,63.49 - 64.53,39.46 - 64.53,"3,729,326","4,088,238",52.564B,1.16,16.22,3.92,"Jan 18, 2022",1.36 (2.14%),"Oct 29, 2021",67.97
63,BA,217.45,222.25,223.70 x 3000,223.07 x 1000,220.05 - 226.89,185.26 - 278.57,"17,585,427","9,773,393",131.586B,1.51,N/A,-14.51,"Jan 26, 2022",N/A (N/A),"Feb 13, 2020",N/A
64,BKNG,"2,436.10","2,442.84","2,462.50 x 4000","2,499.90 x 1100","2,441.77 - 2,495.00","1,860.73 - 2,687.29","251,962","346,812",100.965B,1.24,265.84,9.25,"Feb 22, 2022 - Feb 28, 2022",N/A (N/A),N/A,"2,715.11"
65,BWA,47.84,48.17,49.46 x 800,50.10 x 800,48.10 - 50.09,38.02 - 55.55,"2,459,513","1,770,273",11.96B,1.46,15.55,3.21,"Feb 15, 2022",0.68 (1.42%),"Nov 30, 2021",53.61
66,BXP,114.26,114.26,114.40 x 1000,114.61 x 800,113.43 - 114.64,88.45 - 124.24,"62,572","730,283",17.835B,1.19,55.86,2.04,"Jan 24, 2022 - Jan 28, 2022",3.92 (3.43%),"Dec 30, 2021",124.00
67,BSX,44.41,44.24,44.54 x 1300,44.55 x 1400,44.07 - 45.31,35.05 - 46.29,"10,748,356","7,779,223",63.512B,0.88,57.96,0.77,"Feb 02, 2022",N/A (N/A),N/A,51.09
68,BMY,64.82,64.65,64.00 x 1000,64.55 x 1200,63.86 - 64.96,53.22 - 69.75,"7,785,853","13,070,182",143.389B,0.63,N/A,-2.42,"Feb 04, 2022",2.16 (3.30%),"Jan 06, 2022",72.03
69,AVGO,622.00,627.47,596.00 x 1000,595.19 x 1100,594.15 - 627.88,419.14 - 677.76,"2,990,332","2,148,931",246.564B,0.99,39.81,15.00,"Mar 02, 2022 - Mar 07, 2022",16.40 (2.64%),"Dec 21, 2021",676.33
70,CHRW,107.63,109.12,107.28 x 800,107.53 x 800,107.29 - 110.50,84.67 - 110.50,"1,383,178","1,070,711",14.026B,0.73,19.11,5.65,"Jan 24, 2022 - Jan 28, 2022",2.20 (2.04%),"Dec 14, 2021",103.35
71,CDNS,170.18,170.60,162.99 x 1400,163.09 x 900,162.85 - 172.64,118.11 - 192.70,"1,450,643","1,333,019",45.218B,1.07,65.79,2.48,"Feb 22, 2022",N/A (N/A),N/A,179.78
72,CZR,87.95,87.94,84.56 x 1000,84.29 x 900,84.28 - 89.07,66.34 - 119.81,"2,055,246","2,273,257",18.119B,2.91,N/A,-5.42,"Feb 22, 2022",N/A (N/A),N/A,136.29
73,CPB,45.21,45.27,45.84 x 1300,45.85 x 1000,45.17 - 46.10,39.76 - 53.77,"1,970,715","2,500,447",13.844B,0.51,14.70,3.12,"Mar 08, 2022 - Mar 14, 2022",1.48 (3.27%),"Jan 05, 2022",45.91
74,COF,150.73,150.63,154.55 x 900,157.20 x 800,149.99 - 155.61,99.82 - 177.95,"3,286,301","2,818,312",65.839B,1.65,5.79,26.74,"Jan 25, 2022",2.40 (1.55%),"Nov 12, 2021",187.31
75,CAH,52.71,52.58,51.45 x 900,51.46 x 900,51.17 - 52.58,45.85 - 62.96,"2,499,567","3,373,387",14.481B,1.00,13.27,3.87,"Feb 03, 2022",1.96 (3.72%),"Dec 31, 2021",57.46
76,KMX,119.26,120.19,117.51 x 1100,117.58 x 800,117.19 - 120.58,104.86 - 155.98,"1,340,383","1,116,044",18.993B,1.45,16.18,7.26,"Apr 12, 2022",N/A (N/A),N/A,151.33
77,CCL,22.31,22.42,22.87 x 4000,22.87 x 3200,22.37 - 23.30,16.32 - 31.52,"42,559,090","39,703,714",26.696B,2.18,N/A,-8.46,"Apr 05, 2022 - Apr 11, 2022",N/A (N/A),"Feb 20, 2020",N/A
78,CARR,53.00,53.00,52.16 x 800,54.00 x 1300,52.07 - 53.31,34.21 - 58.89,"1,843,956","3,438,033",45.236B,N/A,20.94,2.49,"Feb 07, 2022 - Feb 11, 2022",0.60 (1.14%),"Dec 22, 2021",59.38
79,CTLT,124.96,125.90,125.60 x 1100,126.00 x 1000,125.05 - 126.97,97.86 - 142.64,"33,933","976,746",21.628B,1.34,39.77,3.18,"Jan 31, 2022 - Feb 04, 2022",N/A (N/A),N/A,159.46
80,CAT,222.40,222.89,226.81 x 1000,227.01 x 1100,222.64 - 227.88,179.34 - 246.69,"4,696,059","3,185,004",122.794B,0.91,24.28,9.35,"Jan 28, 2022",4.44 (2.00%),"Jan 19, 2022",230.35
81,CBRE,108.51,109.35,108.26 x 900,108.34 x 800,107.69 - 110.22,58.74 - 110.22,"552,997","1,357,996",36.301B,1.40,25.28,4.29,"Feb 24, 2022",N/A (N/A),N/A,128.00
82,CDW,202.76,203.45,204.26 x 1100,204.41 x 800,203.16 - 205.36,125.46 - 205.36,"109,683","871,730",27.864B,1.09,28.85,7.12,"Feb 08, 2022 - Feb 14, 2022",2.00 (0.99%),"Nov 23, 2021",212.11
83,CE,168.06,168.90,167.46 x 800,167.55 x 800,166.62 - 169.55,115.42 - 174.05,"406,050","670,634",18.234B,1.26,6.76,24.79,"Jan 26, 2022 - Jan 31, 2022",2.72 (1.62%),"Oct 29, 2021",194.27
84,CNC,80.32,80.16,79.25 x 800,80.18 x 900,79.44 - 80.76,57.16 - 85.44,"2,924,957","4,265,350",46.61B,0.54,63.96,1.25,"Feb 08, 2022",N/A (N/A),N/A,92.81
85,CNP,27.91,27.92,27.59 x 4000,27.60 x 900,27.41 - 27.96,19.31 - 28.37,"5,782,443","4,098,466",17.369B,0.96,17.56,1.57,"Feb 23, 2022 - Feb 28, 2022",0.68 (2.44%),"Feb 16, 2022",28.80
86,CERN,92.30,92.30,91.03 x 1400,92.63 x 1400,92.19 - 92.57,67.96 - 93.44,"3,016,471","4,447,685",26.959B,0.84,54.27,1.70,"Feb 08, 2022 - Feb 14, 2022",1.08 (1.17%),"Dec 23, 2021",89.81
87,CF,67.90,66.94,65.57 x 1000,66.50 x 800,65.50 - 67.97,39.87 - 74.77,"2,623,590","2,744,726",14.065B,1.05,47.52,1.38,"Feb 15, 2022 - Feb 21, 2022",1.20 (1.77%),"Nov 12, 2021",72.05
88,CRL,359.86,356.65,352.19 x 800,352.53 x 800,346.76 - 359.04,249.48 - 460.21,"418,472","386,601",17.756B,1.17,45.57,7.72,"Feb 15, 2022 - Feb 21, 2022",N/A (N/A),N/A,443.73
89,SCHW,91.74,91.47,0.00 x 1100,0.00 x 800,88.97 - 92.14,50.77 - 92.32,"6,553,989","5,568,764",173.273B,1.04,34.89,2.63,"Jan 18, 2022",0.72 (0.78%),"Nov 10, 2021",97.06
90,CHTR,613.98,618.03,619.08 x 900,619.76 x 1100,610.02 - 626.07,585.45 - 825.62,"891,829","1,123,304",110.995B,0.94,28.21,21.94,"Jan 27, 2022 - Jan 31, 2022",N/A (N/A),N/A,764.86
91,CVX,127.33,127.14,126.76 x 1100,127.20 x 1100,126.45 - 128.10,84.57 - 128.43,"9,191,426","10,677,428",244.431B,1.27,24.51,5.17,"Jan 28, 2022",5.36 (4.19%),"Nov 17, 2021",132.25
92,CMG,"1,554.07","1,554.06","1,500.00 x 900","1,514.00 x 800","1,504.77 - 1,576.92","1,256.27 - 1,958.55","310,266","233,004",42.412B,1.26,60.52,24.91,"Feb 08, 2022",N/A (N/A),N/A,"2,004.14"
93,CB,197.82,198.75,197.38 x 1100,197.41 x 900,196.83 - 199.82,144.00 - 201.32,"986,663","1,708,868",85.084B,0.82,10.04,19.67,"Feb 01, 2022",3.20 (1.62%),"Dec 16, 2021",N/A
94,CHD,102.50,101.37,101.34 x 1100,105.00 x 900,99.78 - 101.84,77.62 - 103.00,"1,427,813","1,343,003",25.427B,0.41,31.03,3.28,"Jan 28, 2022",1.01 (0.99%),"Nov 12, 2021",92.58
95,CI,227.54,227.14,233.18 x 1100,234.00 x 800,225.20 - 234.09,191.74 - 272.81,"2,049,761","1,890,673",77.282B,0.91,9.70,24.03,"Feb 03, 2022",4.00 (1.72%),"Dec 06, 2021",260.28
96,CINF,113.93,114.36,113.14 x 800,112.72 x 800,112.43 - 115.82,82.62 - 127.25,"391,128","500,814",18.227B,0.69,7.28,15.53,"Feb 08, 2022 - Feb 14, 2022",2.52 (2.21%),"Dec 15, 2021",134.80
97,CTAS,397.42,394.60,397.84 x 1000,398.33 x 800,390.71 - 399.73,314.62 - 461.44,"765,472","404,290",41.413B,1.46,37.30,10.70,"Mar 15, 2022 - Mar 21, 2022",3.80 (0.96%),"Nov 12, 2021",457.56
98,CSCO,62.12,62.08,61.49 x 1400,61.66 x 800,61.21 - 62.13,44.15 - 64.29,"13,836,763","20,937,607",259.383B,0.94,22.86,2.69,"Feb 07, 2022 - Feb 11, 2022",1.48 (2.38%),"Jan 04, 2022",63.20
99,C,67.28,67.53,67.80 x 3100,67.81 x 900,67.02 - 68.44,57.40 - 80.29,"28,502,228","22,326,019",134.494B,1.79,6.42,10.56,"Jan 14, 2022",2.04 (3.04%),"Oct 29, 2021",80.47
100,CFG,55.21,55.28,55.51 x 800,55.52 x 1800,55.13 - 56.08,35.09 - 56.08,"5,794,012","4,198,671",23.739B,1.57,11.18,4.98,"Jan 19, 2022",1.56 (2.86%),"Oct 28, 2021",57.97
101,CTXS,98.13,97.68,93.56 x 900,97.40 x 800,96.04 - 98.47,78.07 - 145.19,"758,117","1,683,362",12.076B,0.04,38.45,2.52,"Jan 17, 2022 - Jan 21, 2022",1.48 (1.52%),"Dec 06, 2021",97.85
102,CLX,179.70,179.75,0.00 x 800,0.00 x 900,178.60 - 180.87,156.23 - 231.11,"1,079,913","1,232,955",22.063B,0.18,51.79,3.47,"Feb 03, 2022",4.64 (2.58%),"Jan 25, 2022",163.91
103,CME,226.18,227.00,224.06 x 1100,223.43 x 800,223.13 - 229.00,177.73 - 232.64,"1,925,527","1,204,820",80.408B,0.46,33.00,6.78,"Feb 09, 2022",3.60 (1.59%),"Dec 27, 2021",234.25
104,KO,60.54,60.54,60.78 x 2900,61.04 x 1000,60.38 - 61.04,48.11 - 61.20,"12,904,497","16,748,034",263.053B,0.71,29.99,2.03,"Feb 08, 2022 - Feb 14, 2022",1.68 (2.78%),"Nov 30, 2021",63.12
105,CTSH,88.07,88.11,87.20 x 1000,87.14 x 1200,87.02 - 88.36,66.19 - 92.03,"2,268,505","2,684,001",46.333B,1.15,24.60,3.55,"Feb 01, 2022 - Feb 07, 2022",0.96 (1.09%),"Nov 18, 2021",89.02
106,CL,82.87,82.81,82.00 x 900,83.30 x 1200,81.97 - 82.84,74.01 - 85.61,"6,655,456","4,354,722",69.569B,0.62,26.29,3.14,"Jan 28, 2022",1.80 (2.17%),"Oct 20, 2021",85.84
107,CMCSA,50.05,50.37,0.00 x 800,0.00 x 800,49.87 - 50.92,46.29 - 61.80,"19,694,356","19,970,758",230.822B,0.94,16.25,3.11,"Jan 27, 2022",1.00 (1.98%),"Jan 04, 2022",63.54
108,CMA,97.12,97.60,0.00 x 1400,97.36 x 1100,95.83 - 97.82,55.87 - 98.53,"229,077","1,141,944",12.66B,1.51,12.02,8.03,"Jan 19, 2022",2.72 (2.80%),"Dec 14, 2021",96.06
109,CAG,33.54,33.60,34.00 x 1400,34.45 x 1000,33.58 - 34.59,30.44 - 39.09,"2,587,354","3,750,784",16.487B,0.83,15.08,2.28,"Apr 06, 2022 - Apr 11, 2022",1.25 (3.73%),"Jan 28, 2022",36.88
110,COP,84.40,83.94,83.62 x 900,83.52 x 2200,83.19 - 84.86,39.70 - 84.86,"6,547,679","7,666,887",110.291B,1.61,22.68,3.69,"Feb 03, 2022",1.52 (1.80%),"Dec 31, 2021",92.29
111,ED,84.78,84.75,84.71 x 1000,84.75 x 1000,82.21 - 85.09,65.56 - 86.25,"2,921,202","2,594,887",29.386B,0.22,24.61,3.38,"Feb 16, 2022 - Feb 21, 2022",3.10 (3.66%),"Nov 16, 2021",75.06
112,STZ,248.12,249.08,242.61 x 800,246.75 x 800,246.14 - 249.61,207.35 - 258.00,"552,439","1,025,690",46.37B,1.18,N/A,-0.28,"Apr 06, 2022 - Apr 11, 2022",3.04 (1.23%),"Feb 08, 2022",273.00
113,CPRT,136.41,135.11,134.02 x 800,134.09 x 800,133.04 - 135.03,101.92 - 161.12,"417,487","793,044",31.892B,1.05,32.40,4.15,"Feb 16, 2022 - Feb 21, 2022",N/A (N/A),N/A,170.11
114,GLW,37.97,37.91,0.00 x 1000,0.00 x 1100,37.16 - 38.10,35.03 - 46.82,"4,444,499","4,117,249",32.088B,1.08,37.45,1.00,"Jan 26, 2022",0.96 (2.55%),"Nov 10, 2021",44.31
115,CTVA,48.86,48.82,48.50 x 800,49.25 x 1300,48.54 - 49.41,36.54 - 49.98,"1,839,308","2,542,300",35.644B,0.79,22.21,2.20,"Feb 02, 2022",0.56 (1.16%),"Nov 10, 2021",53.37
116,COST,525.80,527.64,516.34 x 800,520.90 x 1100,515.23 - 528.75,307.00 - 571.49,"2,148,381","2,320,049",229.201B,0.64,44.44,11.63,"Mar 03, 2022",3.16 (0.60%),"Oct 28, 2021",556.15
117,CTRA,21.36,21.65,0.00 x 1400,0.00 x 1400,20.74 - 21.70,14.28 - 23.64,"6,960,939","8,253,673",17.289B,-0.13,24.18,0.88,"Feb 21, 2022 - Feb 25, 2022",0.45 (2.08%),"Nov 12, 2021",27.69
118,CCI,190.67,190.95,0.00 x 800,0.00 x 1000,185.98 - 190.95,146.15 - 209.87,"2,397,901","1,723,680",81.077B,0.48,65.34,2.87,"Jan 25, 2022 - Jan 31, 2022",5.88 (3.02%),"Dec 14, 2021",200.59
119,CSX,36.54,36.55,36.24 x 2900,36.25 x 1400,35.47 - 36.60,27.70 - 38.01,"10,154,853","11,750,466",80.435B,1.22,22.82,1.59,"Jan 20, 2022",0.37 (1.02%),"Nov 29, 2021",39.40
120,CMI,231.66,232.20,234.68 x 800,237.02 x 1100,232.20 - 238.05,203.38 - 277.09,"757,578","961,528",33.753B,1.07,15.51,15.21,"Feb 03, 2022",5.80 (2.50%),"Nov 18, 2021",276.99
121,CVS,105.78,105.25,104.97 x 800,105.99 x 800,104.18 - 105.97,68.02 - 107.26,"6,447,332","5,901,847",139.055B,0.84,18.39,5.73,"Feb 09, 2022",2.20 (2.08%),"Jan 20, 2022",113.04
122,DHI,99.43,103.66,99.46 x 800,99.48 x 900,98.89 - 104.16,68.38 - 110.45,"3,775,234","2,857,412",35.533B,1.63,8.74,11.41,"Feb 02, 2022",0.90 (0.91%),"Dec 03, 2021",119.06
123,DHR,306.38,304.80,291.94 x 1000,293.99 x 1000,290.95 - 306.37,211.22 - 333.96,"3,408,714","2,653,558",208.692B,0.70,37.05,7.88,"Jan 27, 2022",0.84 (0.27%),"Dec 29, 2021",351.42
124,DRI,143.55,144.08,141.42 x 800,144.84 x 1100,143.53 - 146.46,110.89 - 164.28,"599,184","1,174,288",18.479B,1.45,20.68,6.99,"Mar 23, 2022 - Mar 28, 2022",4.40 (3.07%),"Jan 07, 2022",166.87
125,DVA,113.76,114.07,115.17 x 800,115.26 x 900,113.10 - 115.44,94.38 - 136.48,"402,673","855,165",11.744B,1.20,13.46,8.56,"Feb 09, 2022 - Feb 14, 2022",N/A (N/A),N/A,125.75
126,DE,376.25,378.68,379.00 x 800,380.47 x 800,378.58 - 384.20,278.95 - 400.34,"1,241,531","1,689,895",117.235B,1.06,20.03,18.99,"Feb 18, 2022",4.20 (1.12%),"Dec 30, 2021",408.52
127,DAL,40.61,41.08,41.32 x 1000,41.33 x 1000,40.45 - 42.54,33.40 - 52.28,"22,548,508","13,481,022",26.541B,1.30,N/A,-0.11,"Jan 13, 2022",N/A (N/A),"Feb 19, 2020",52.26
128,DVN,49.90,50.00,49.65 x 1400,49.46 x 1200,49.29 - 50.84,16.11 - 51.16,"9,447,830","10,570,801",33.606B,3.06,24.65,2.01,"Feb 15, 2022",0.44 (0.88%),"Dec 09, 2021",52.30
129,DXCM,481.17,486.46,498.75 x 800,498.93 x 800,483.65 - 501.36,318.45 - 659.45,"628,672","729,209",48.07B,0.76,93.54,5.30,"Feb 10, 2022",N/A (N/A),N/A,635.88
130,FANG,124.57,124.19,124.03 x 800,126.96 x 800,123.54 - 127.27,56.13 - 127.27,"2,605,344","2,747,298",22.48B,2.52,48.45,2.56,"Feb 22, 2022",2.00 (1.61%),"Nov 10, 2021",136.47
131,DLR,158.95,159.21,157.00 x 1000,164.98 x 1100,157.15 - 159.88,124.65 - 178.22,"899,808","1,242,157",44.731B,0.22,66.48,2.37,"Feb 17, 2022",4.64 (2.92%),"Dec 14, 2021",172.43
132,DFS,127.80,128.62,129.56 x 2200,129.44 x 900,128.38 - 130.81,81.27 - 135.69,"1,988,192","1,828,392",37.924B,1.69,7.74,16.72,"Jan 19, 2022",2.00 (1.56%),"Nov 23, 2021",142.83
133,DISCA,28.79,28.86,29.27 x 800,29.28 x 800,28.44 - 30.01,21.66 - 78.14,"8,935,805","7,220,060",14.642B,1.31,19.63,1.50,"Feb 21, 2022 - Feb 25, 2022",N/A (N/A),N/A,39.22
134,DISCK,27.95,28.05,28.37 x 800,28.34 x 1100,27.75 - 29.09,20.86 - 66.70,"4,651,737","3,902,215",14.599B,1.31,19.00,1.50,"Nov 05, 2020",N/A (N/A),N/A,33.67
135,DISH,36.37,35.83,35.80 x 1000,36.10 x 1200,34.89 - 36.55,28.53 - 47.05,"396,147","2,757,787",18.788B,2.10,8.54,4.16,"Feb 21, 2022 - Feb 25, 2022",N/A (N/A),"Dec 12, 2012",49.61
136,DG,236.31,235.97,0.00 x 800,236.38 x 1300,227.52 - 236.99,173.50 - 240.14,"2,615,670","1,628,953",52.98B,0.50,22.35,10.23,"Mar 16, 2022 - Mar 21, 2022",1.68 (0.71%),"Jan 03, 2022",248.36
137,DLTR,136.90,137.69,133.92 x 1000,135.00 x 1000,133.78 - 137.74,84.26 - 149.37,"5,533,514","3,566,431",30.173B,0.75,22.57,5.94,"Mar 01, 2022 - Mar 07, 2022",N/A (N/A),N/A,154.63
138,D,79.83,80.00,0.00 x 1100,0.00 x 800,78.70 - 80.18,67.85 - 81.08,"2,892,834","3,202,449",64.088B,0.44,24.95,3.17,"Feb 10, 2022 - Feb 14, 2022",2.52 (3.16%),"Dec 02, 2021",84.84
139,DPZ,502.65,503.66,489.25 x 800,500.80 x 900,485.67 - 509.01,319.71 - 567.57,"832,133","462,506",17.686B,0.54,36.92,13.18,"Feb 23, 2022 - Feb 28, 2022",3.76 (0.75%),"Dec 14, 2021",528.52
140,DOV,179.35,180.19,179.17 x 1000,0.00 x 800,176.64 - 181.00,115.88 - 184.05,"489,741","649,350",26.022B,1.38,27.85,6.49,"Jan 26, 2022 - Jan 31, 2022",2.00 (1.12%),"Nov 29, 2021",194.80
141,DOW,59.26,59.30,59.71 x 800,59.89 x 900,59.21 - 60.23,51.33 - 71.38,"3,583,854","5,597,431",44.332B,1.62,7.78,7.70,"Jan 27, 2022",2.80 (4.73%),"Nov 29, 2021",64.77
142,DTE,116.82,117.32,117.09 x 800,117.19 x 1100,116.50 - 117.41,98.45 - 123.77,"34,891","987,682",22.676B,0.67,25.92,4.51,"Feb 17, 2022 - Feb 21, 2022",3.54 (3.03%),"Dec 17, 2021",127.41
143,DUK,103.47,102.81,104.40 x 1000,104.50 x 800,102.26 - 104.97,85.56 - 108.38,"2,990,064","2,653,287",80.396B,0.33,26.73,3.91,"Feb 09, 2022 - Feb 14, 2022",3.94 (3.77%),"Feb 17, 2022",106.98
144,DRE,65.64,65.64,63.25 x 800,64.32 x 800,63.11 - 65.80,37.61 - 66.22,"1,366,236","1,436,182",24.588B,0.62,26.50,2.44,"Jan 25, 2022 - Jan 31, 2022",1.12 (1.71%),"Nov 15, 2021",N/A
145,DD,81.97,82.06,0.00 x 800,0.00 x 1000,81.50 - 83.09,66.37 - 87.27,"1,935,953","2,837,044",43.018B,1.27,7.67,10.82,"Feb 07, 2022 - Feb 11, 2022",1.20 (1.46%),"Nov 29, 2021",91.78
146,DXC,33.48,33.83,34.03 x 900,34.40 x 800,33.54 - 34.57,24.17 - 44.18,"937,916","1,709,160",8.599B,2.40,22.43,1.52,"Feb 02, 2022",N/A (N/A),"Mar 24, 2020",42.38
147,EMN,122.89,123.80,124.00 x 800,126.08 x 800,123.64 - 128.00,96.27 - 130.47,"1,782,088","1,065,796",17.003B,1.56,33.94,3.73,"Jan 27, 2022",3.04 (2.47%),"Dec 14, 2021",137.62
148,ETN,171.46,171.54,171.06 x 800,170.60 x 1000,170.37 - 172.29,114.01 - 175.72,"1,100,431","1,520,880",68.232B,1.19,33.22,5.15,"Jan 31, 2022 - Feb 04, 2022",3.04 (1.77%),"Nov 10, 2021",184.76
149,EBAY,66.32,65.72,64.54 x 2200,64.54 x 800,63.72 - 66.33,51.51 - 81.19,"5,772,936","7,296,409",40.421B,1.12,3.53,18.28,"Feb 01, 2022 - Feb 07, 2022",0.72 (1.09%),"Nov 30, 2021",78.14
150,ECL,234.59,234.68,229.39 x 800,229.83 x 800,228.62 - 235.24,201.15 - 238.93,"691,391","927,768",65.862B,1.01,58.77,3.91,"Feb 14, 2022 - Feb 21, 2022",2.04 (0.87%),"Dec 13, 2021",235.06
151,EIX,65.00,65.00,65.46 x 900,65.49 x 800,64.61 - 65.52,53.92 - 68.62,"1,700,004","2,157,061",24.819B,0.69,32.55,2.01,"Feb 23, 2022 - Feb 28, 2022",2.80 (4.31%),"Dec 30, 2021",71.28
152,EW,122.26,122.57,120.00 x 800,120.34 x 800,120.05 - 122.88,78.44 - 131.73,"1,408,796","2,352,358",75.207B,1.09,51.81,2.33,"Jan 26, 2022",N/A (N/A),N/A,129.52
153,EA,132.50,133.03,131.21 x 900,131.23 x 800,130.51 - 133.03,120.08 - 150.30,"1,273,471","2,475,546",37.003B,0.87,48.19,2.71,"Feb 01, 2022",0.68 (0.52%),"Dec 07, 2021",171.16
154,EMR,96.92,97.21,97.08 x 3200,97.10 x 900,96.93 - 98.30,78.33 - 105.99,"2,077,149","2,904,939",57.95B,1.51,25.47,3.82,"Feb 02, 2022",2.06 (2.13%),"Nov 10, 2021",109.83
155,ENPH,149.28,156.64,143.60 x 1100,144.25 x 800,143.20 - 157.36,108.88 - 282.46,"2,757,256","2,510,360",19.359B,1.18,124.56,1.15,"Feb 07, 2022 - Feb 11, 2022",N/A (N/A),N/A,254.08
156,ETR,112.65,112.65,111.23 x 800,111.29 x 1100,110.44 - 112.65,85.78 - 115.02,"634,866","1,109,868",22.369B,0.61,18.01,6.18,"Feb 22, 2022 - Feb 28, 2022",4.04 (3.59%),"Nov 12, 2021",117.86
157,EOG,102.02,101.50,101.95 x 900,101.89 x 900,100.62 - 103.35,50.08 - 103.50,"3,421,116","4,132,211",59.679B,2.00,19.66,5.19,"Feb 24, 2022",3.00 (2.92%),"Jan 13, 2022",113.72
158,EPAM,571.11,571.11,542.58 x 800,682.00 x 800,540.49 - 576.37,333.68 - 725.40,"516,255","641,209",30.664B,1.44,74.97,7.21,"Feb 16, 2022 - Feb 21, 2022",N/A (N/A),N/A,785.00
159,EQIX,764.46,767.77,752.99 x 800,754.10 x 1000,751.40 - 767.77,586.73 - 885.26,"206,922","428,485",67.861B,0.36,158.90,4.74,"Feb 16, 2022",11.48 (1.50%),"Nov 16, 2021",888.52
160,EQR,90.50,90.78,90.71 x 900,90.75 x 900,89.23 - 91.01,56.79 - 91.20,"785,362","1,449,255",34.048B,0.81,32.16,2.82,"Feb 08, 2022 - Feb 14, 2022",2.41 (2.66%),"Dec 31, 2021",91.22
161,ESS,342.67,343.98,343.84 x 800,344.39 x 1000,342.40 - 345.28,226.79 - 357.90,"9,060","278,300",22.401B,0.75,50.10,6.87,"Feb 02, 2022 - Feb 07, 2022",8.36 (2.44%),"Dec 31, 2021",363.36
162,EL,345.55,345.55,333.00 x 900,333.08 x 800,332.02 - 346.73,231.97 - 374.20,"1,243,299","1,235,884",120.359B,1.02,40.54,8.25,"Feb 03, 2022",2.40 (0.69%),"Nov 29, 2021",378.58
163,ETSY,178.06,179.19,166.91 x 900,166.72 x 1000,166.46 - 179.55,153.80 - 307.75,"2,636,704","2,396,019",21.147B,1.55,49.54,3.37,"Feb 23, 2022 - Feb 28, 2022",N/A (N/A),N/A,255.78
164,EVRG,66.75,66.79,66.87 x 1000,66.92 x 1000,66.42 - 66.90,51.92 - 69.45,"54,406","1,147,680",15.329B,0.43,17.43,3.84,"Feb 24, 2022 - Feb 28, 2022",2.29 (3.43%),"Nov 18, 2021",70.50
165,ES,91.14,91.06,91.27 x 800,91.02 x 800,90.22 - 91.46,76.64 - 92.66,"928,077","1,234,215",31.279B,0.40,26.43,3.44,"Feb 14, 2022 - Feb 18, 2022",2.41 (2.65%),"Dec 16, 2021",91.50
166,RE,269.25,274.99,276.06 x 1000,276.79 x 1000,272.67 - 277.65,209.63 - 289.68,"35,991","225,985",10.854B,0.69,10.90,25.30,"Feb 09, 2022",6.20 (2.27%),"Nov 30, 2021",N/A
167,EXC,56.82,56.77,55.60 x 2200,55.61 x 900,55.11 - 56.84,38.35 - 58.01,"9,588,258","5,518,998",54.414B,0.50,32.53,1.71,"Feb 22, 2022 - Feb 28, 2022",1.53 (2.69%),"Nov 12, 2021",59.65
168,EXPE,181.25,181.26,185.16 x 1100,189.80 x 800,180.64 - 190.15,118.30 - 191.85,"2,777,739","2,498,452",28.042B,1.63,N/A,-6.51,"Feb 09, 2022 - Feb 14, 2022",N/A (N/A),"Mar 09, 2020",192.65
169,EXPD,130.76,131.53,131.39 x 1000,131.63 x 1100,130.90 - 132.03,88.82 - 137.80,"57,413","1,130,777",22.277B,0.79,19.46,6.76,"Feb 22, 2022",1.16 (0.89%),"Nov 30, 2021",119.71
170,EXR,208.45,204.33,207.45 x 800,207.66 x 900,203.49 - 208.68,109.42 - 228.84,"764,461","647,347",27.918B,0.35,38.73,5.38,"Feb 21, 2022 - Feb 25, 2022",5.00 (2.40%),"Dec 14, 2021",221.29
171,XOM,71.14,71.12,70.38 x 2200,70.39 x 1800,70.31 - 71.58,44.29 - 71.81,"19,748,338","20,671,974",300.932B,1.35,N/A,-1.39,"Feb 01, 2022",3.52 (4.93%),"Nov 10, 2021",73.40
172,FFIV,239.67,240.82,236.99 x 800,236.09 x 1300,235.85 - 241.79,174.34 - 249.00,"242,750","445,606",14.473B,1.06,44.27,5.34,"Jan 25, 2022",N/A (N/A),N/A,249.13
173,FDS,479.51,484.53,485.01 x 900,484.23 x 800,482.25 - 488.41,294.21 - 488.41,"185,766","329,643",18.28B,0.75,46.12,10.53,"Dec 21, 2021",3.28 (0.68%),"Nov 29, 2021",437.08
174,FAST,60.63,60.03,59.82 x 1000,59.86 x 900,59.63 - 60.30,43.37 - 64.75,"833,314","2,812,409",34.487B,1.23,38.94,1.54,"Jan 19, 2022",1.12 (1.85%),"Oct 25, 2021",54.22
175,FRT,134.37,133.78,133.23 x 800,141.00 x 900,132.41 - 134.21,81.85 - 140.51,"562,237","445,328",10.437B,1.14,44.49,3.02,"Feb 09, 2022 - Feb 14, 2022",4.28 (3.19%),"Dec 31, 2021",137.47
176,FDX,256.21,257.21,256.50 x 1000,256.99 x 1100,256.30 - 260.11,216.34 - 319.90,"1,636,556","2,292,812",68.275B,1.31,14.17,18.18,"Mar 17, 2022",3.00 (1.17%),"Dec 10, 2021",310.59
177,FIS,117.51,118.16,117.36 x 800,117.35 x 1200,117.22 - 119.91,101.79 - 155.96,"2,847,230","4,352,996",71.514B,0.75,326.22,0.36,"Feb 15, 2022",1.56 (1.33%),"Dec 10, 2021",148.23
178,FITB,49.20,49.58,49.46 x 2200,49.43 x 1000,49.31 - 50.15,28.25 - 50.15,"5,338,766","4,314,379",33.811B,1.45,13.69,3.62,"Jan 20, 2022",1.20 (2.44%),"Dec 30, 2021",50.10
179,FE,41.41,41.27,41.52 x 1300,41.53 x 1100,41.06 - 41.60,29.86 - 41.75,"4,731,344","3,301,025",23.674B,0.36,20.64,2.01,"Feb 16, 2022 - Feb 21, 2022",1.56 (3.77%),"Feb 04, 2022",43.14
180,FRC,202.62,203.21,198.84 x 3200,198.44 x 900,197.97 - 203.49,143.60 - 222.86,"998,591","755,198",35.493B,1.11,27.26,7.26,"Jan 14, 2022",0.88 (0.43%),"Oct 27, 2021",225.19
181,FISV,108.50,108.50,109.12 x 1000,110.28 x 800,108.20 - 110.97,92.06 - 127.34,"3,204,943","4,667,450",71.926B,0.84,56.45,1.93,"Feb 08, 2022",N/A (N/A),N/A,131.44
182,FMC,108.21,107.81,106.39 x 900,106.53 x 800,106.12 - 107.86,87.27 - 123.66,"147,726","826,831",13.529B,0.88,23.36,4.57,"Feb 08, 2022",2.12 (1.96%),"Dec 30, 2021",121.94
183,F,24.47,24.64,25.01 x 3200,25.02 x 800,24.37 - 25.87,9.79 - 25.87,"178,903,041","102,369,428",99.986B,1.10,35.09,0.71,"Feb 02, 2022 - Feb 07, 2022",0.40 (1.64%),"Jan 28, 2022",20.64
184,FTNT,323.56,325.54,318.00 x 800,321.25 x 900,318.21 - 330.25,143.63 - 371.77,"1,402,789","1,298,756",52.449B,1.15,96.57,3.32,"Feb 03, 2022",N/A (N/A),N/A,371.14
185,FTV,74.50,74.78,75.13 x 1100,75.17 x 900,74.72 - 75.21,64.58 - 79.87,"105,947","1,837,664",26.897B,1.20,16.36,4.58,"Feb 02, 2022 - Feb 07, 2022",0.28 (0.38%),"Nov 24, 2021",86.00
186,FOX,34.51,34.56,34.32 x 800,34.33 x 1200,34.04 - 34.57,28.00 - 42.14,"109,838","1,264,791",20.442B,1.13,11.61,2.96,N/A,0.48 (1.39%),"Aug 31, 2021",51.50
187,BEN,35.12,35.19,35.02 x 800,35.26 x 800,34.86 - 35.50,24.91 - 38.27,"2,116,533","2,664,669",17.553B,1.22,9.78,3.57,"Jan 31, 2022 - Feb 04, 2022",1.16 (3.30%),"Dec 30, 2021",37.50
188,FCX,45.00,44.50,44.35 x 1000,44.59 x 2200,44.24 - 45.66,24.71 - 46.10,"21,707,281","17,453,134",65.097B,2.07,16.79,2.64,"Jan 26, 2022",0.30 (0.70%),"Jan 13, 2022",42.80
189,GPS,17.75,17.99,18.70 x 1100,18.71 x 1000,17.92 - 18.98,15.84 - 37.63,"6,176,675","8,925,941",6.996B,1.74,14.16,1.32,"Mar 02, 2022 - Mar 07, 2022",0.48 (2.70%),"Jan 04, 2022",23.29
190,GRMN,132.00,132.20,132.28 x 1000,132.32 x 900,130.90 - 132.80,113.59 - 178.81,"736,434","861,790",25.415B,0.97,22.56,5.86,"Feb 15, 2022 - Feb 21, 2022",2.68 (2.03%),"Mar 14, 2022",N/A
191,IT,334.32,334.53,300.00 x 1100,321.96 x 800,319.98 - 334.53,149.74 - 369.00,"379,048","436,057",26.478B,1.55,40.12,8.02,"Feb 07, 2022 - Feb 11, 2022",N/A (N/A),"Jul 19, 1999",358.33
192,GNRC,317.39,316.15,310.00 x 1100,330.00 x 1100,311.09 - 324.26,243.21 - 524.31,"1,003,218","788,911",19.971B,0.96,38.45,8.23,"Feb 09, 2022 - Feb 14, 2022",N/A (N/A),"Jun 10, 2013",514.11
193,GD,210.61,210.61,0.00 x 1000,209.99 x 900,209.45 - 211.64,146.53 - 214.70,"636,559","973,117",59.07B,1.09,18.16,11.65,"Jan 26, 2022",4.76 (2.26%),"Jan 13, 2022",230.41
194,GE,102.24,102.29,102.22 x 900,102.48 x 1200,101.80 - 103.65,85.12 - 116.17,"4,232,237","6,597,320",112.515B,1.04,N/A,-0.42,"Jan 25, 2022",0.32 (0.31%),"Dec 20, 2021",120.39
195,GIS,68.33,68.37,68.89 x 900,68.90 x 800,68.07 - 69.34,54.31 - 69.68,"2,489,390","3,175,603",41.561B,0.52,18.99,3.63,"Mar 22, 2022 - Mar 28, 2022",2.04 (2.99%),"Jan 07, 2022",65.73
196,GM,61.03,61.45,61.67 x 1200,61.74 x 1000,61.15 - 63.38,47.07 - 67.21,"18,458,974","18,614,019",89.681B,1.18,8.27,7.47,"Feb 01, 2022",N/A (N/A),"Mar 05, 2020",76.65
197,GPC,138.94,138.65,137.77 x 900,137.77 x 1000,136.51 - 138.87,93.62 - 142.97,"278,585","591,426",19.607B,1.09,24.54,5.61,"Feb 15, 2022 - Feb 21, 2022",3.26 (2.35%),"Dec 02, 2021",141.00
198,GILD,72.25,71.99,71.80 x 1200,72.10 x 1000,71.45 - 72.46,61.39 - 74.12,"6,614,942","7,092,857",90.165B,0.36,12.30,5.84,"Feb 02, 2022 - Feb 07, 2022",2.84 (3.92%),"Dec 14, 2021",77.08
199,GPN,147.01,147.50,0.00 x 900,0.00 x 900,146.04 - 149.86,116.75 - 220.81,"1,831,054","2,953,668",43.26B,1.12,47.08,3.17,"Feb 07, 2022 - Feb 11, 2022",1.00 (0.68%),"Dec 15, 2021",190.24
200,GS,390.31,394.05,389.00 x 900,390.60 x 1000,389.75 - 396.86,270.62 - 426.16,"2,442,594","2,580,101",130.362B,1.50,6.45,60.63,"Jan 18, 2022",8.00 (1.98%),"Dec 01, 2021",459.10
201,GWW,518.24,517.51,508.77 x 900,509.36 x 1200,504.42 - 521.39,356.23 - 527.06,"117,697","224,728",26.194B,1.24,29.06,17.50,"Feb 03, 2022",6.48 (1.25%),"Nov 05, 2021",500.58
202,HAL,27.44,27.70,27.95 x 900,27.96 x 4000,27.57 - 28.28,17.23 - 28.28,"14,700,162","9,435,253",25.001B,2.76,62.48,0.45,"Jan 24, 2022",0.18 (0.66%),"Dec 08, 2021",29.71
203,HAS,101.78,102.22,101.68 x 1000,101.71 x 800,100.90 - 102.87,86.05 - 104.89,"434,124","803,393",14.035B,1.02,31.04,3.28,"Feb 07, 2022 - Feb 11, 2022",2.72 (2.67%),"Jan 31, 2022",115.92
204,HCA,249.30,249.92,256.79 x 900,257.21 x 1000,249.43 - 258.24,156.43 - 269.75,"492,435","1,394,933",80.158B,1.66,13.19,19.53,"Jan 27, 2022",1.92 (0.77%),"Dec 13, 2021",290.65
205,HSY,195.84,195.84,196.39 x 800,196.41 x 800,195.25 - 197.29,143.58 - 198.64,"511,958","841,019",40.529B,0.42,28.56,6.89,"Feb 03, 2022",3.60 (1.84%),"Nov 18, 2021",194.36
206,HES,91.58,91.55,90.51 x 1100,90.50 x 800,90.37 - 93.35,53.43 - 93.35,"2,708,065","1,979,611",28.064B,2.00,143.14,0.63,"Jan 26, 2022",1.00 (1.09%),"Dec 14, 2021",107.38
207,HPE,17.15,17.25,17.10 x 3000,17.49 x 900,17.07 - 17.59,11.80 - 17.59,"9,507,376","10,640,784",22.622B,1.24,6.78,2.58,"Feb 28, 2022 - Mar 04, 2022",0.48 (2.82%),"Dec 09, 2021",17.76
208,HLT,150.00,150.59,150.02 x 1000,149.94 x 900,149.06 - 152.09,98.57 - 159.21,"1,765,122","2,011,093",41.78B,1.27,"1,070.71",0.14,"Feb 15, 2022 - Feb 21, 2022",N/A (N/A),"Feb 27, 2020",149.42
209,HOLX,72.33,71.72,72.13 x 1000,72.14 x 800,71.54 - 72.48,60.10 - 85.00,"1,002,590","1,532,766",18.138B,1.11,10.01,7.21,"Feb 02, 2022",N/A (N/A),N/A,85.55
210,HD,389.40,392.51,386.00 x 1200,386.98 x 800,385.86 - 394.31,246.59 - 420.61,"3,383,186","3,652,566",404.1B,0.99,25.88,14.95,"Feb 22, 2022",6.60 (1.69%),"Dec 01, 2021",417.90
211,HON,218.25,218.40,219.17 x 1000,219.15 x 900,218.07 - 221.89,194.55 - 236.86,"3,075,914","2,806,784",151.061B,1.17,28.24,7.77,"Jan 27, 2022 - Jan 31, 2022",3.92 (1.80%),"Nov 10, 2021",235.83
212,HRL,49.03,49.10,49.41 x 2200,49.48 x 800,48.78 - 49.62,40.48 - 50.86,"1,589,067","2,173,957",26.863B,0.06,29.83,1.66,"Feb 16, 2022 - Feb 21, 2022",1.04 (2.12%),"Jan 14, 2022",46.75
213,HST,17.35,17.45,18.32 x 1400,18.33 x 1100,17.45 - 18.43,13.16 - 19.02,"4,007,498","7,172,596",13.095B,1.36,N/A,-0.56,"Feb 16, 2022 - Feb 21, 2022",N/A (N/A),"Mar 30, 2020",19.42
214,HWM,31.13,31.00,31.13 x 900,31.15 x 1300,30.78 - 31.27,22.91 - 36.03,"144,745","2,832,985",13.336B,1.60,47.22,0.66,"Feb 01, 2022 - Feb 07, 2022",0.08 (0.26%),"Nov 04, 2021",38.73
215,HPQ,38.99,39.15,38.78 x 4000,38.78 x 3200,38.65 - 39.33,24.07 - 39.65,"9,255,433","10,234,028",41.901B,1.02,7.26,5.33,"Feb 23, 2022 - Feb 28, 2022",1.00 (2.56%),"Dec 07, 2021",36.88
216,HUM,391.66,390.56,394.65 x 800,395.72 x 800,389.65 - 398.46,351.20 - 475.44,"1,385,493","981,138",50.807B,0.94,19.27,20.51,"Feb 02, 2022",2.80 (0.71%),"Dec 30, 2021",491.00
217,HBAN,17.09,17.24,17.32 x 4000,17.33 x 40700,17.14 - 17.44,13.01 - 17.47,"12,133,983","9,861,826",25.554B,1.30,19.43,0.89,"Jan 21, 2022",0.62 (3.63%),"Dec 16, 2021",17.91
218,HII,196.20,197.31,195.97 x 800,195.94 x 1200,193.88 - 198.01,156.36 - 224.13,"177,110","285,333",7.886B,1.02,11.81,16.67,"Feb 09, 2022 - Feb 14, 2022",4.72 (2.41%),"Nov 24, 2021",220.64
219,IDXX,554.63,556.46,535.73 x 800,537.23 x 1200,533.47 - 556.53,455.23 - 706.95,"381,593","367,593",45.297B,0.95,61.28,8.72,"Feb 02, 2022",N/A (N/A),N/A,706.17
220,ITW,246.13,245.45,243.16 x 1000,243.39 x 1100,241.79 - 245.45,192.89 - 249.81,"686,959","909,595",76.537B,1.12,28.36,8.60,"Feb 03, 2022 - Feb 07, 2022",4.88 (1.98%),"Dec 30, 2021",242.33
221,ILMN,413.37,414.56,399.88 x 900,406.36 x 1300,398.44 - 414.56,341.03 - 555.77,"1,134,263","971,019",62.443B,0.89,65.40,6.11,"Feb 09, 2022 - Feb 14, 2022",N/A (N/A),N/A,429.94
222,INCY,73.62,72.94,73.92 x 800,75.40 x 900,72.79 - 74.23,61.91 - 101.47,"1,178,431","2,240,665",16.269B,0.73,30.53,2.41,"Feb 07, 2022 - Feb 11, 2022",N/A (N/A),N/A,92.38
223,IR,59.74,59.88,60.46 x 800,60.50 x 1100,59.79 - 60.63,40.64 - 62.06,"142,965","1,987,230",24.671B,1.47,61.33,0.99,"Feb 21, 2022 - Feb 25, 2022",0.08 (0.13%),"Nov 09, 2021",67.14
224,INTC,55.74,56.00,54.90 x 1100,54.91 x 1300,54.77 - 56.20,47.87 - 68.49,"29,022,518","33,952,706",223.441B,0.52,10.65,5.16,"Jan 19, 2022 - Jan 24, 2022",1.39 (2.49%),"Nov 04, 2021",55.69
225,ICE,133.25,132.26,131.51 x 900,134.27 x 1100,130.45 - 132.73,108.95 - 139.79,"2,078,598","2,074,617",74.088B,0.82,24.26,5.42,"Feb 03, 2022",1.32 (0.99%),"Dec 16, 2021",157.56
226,IBM,133.59,133.90,134.61 x 900,134.73 x 1300,133.56 - 136.05,112.20 - 146.12,"4,754,618","6,318,825",120.788B,1.13,25.51,5.28,"Jan 24, 2022",6.56 (4.91%),"Nov 09, 2021",144.77
227,IP,48.49,48.69,49.20 x 1400,49.21 x 900,48.64 - 49.74,43.87 - 61.81,"2,299,221","3,483,080",19.092B,0.96,10.86,4.54,"Jan 27, 2022",1.85 (3.82%),"Feb 17, 2022",54.31
228,IFF,150.65,150.78,149.70 x 1000,149.90 x 1000,148.89 - 151.86,103.94 - 157.08,"508,657","1,183,980",38.098B,1.04,128.25,1.17,"Feb 08, 2022 - Feb 14, 2022",3.16 (2.10%),"Dec 27, 2021",159.97
229,INTU,578.72,584.81,578.20 x 1100,578.55 x 1300,576.03 - 589.57,359.33 - 716.86,"402,647","1,614,106",163.427B,1.03,76.13,7.58,"Feb 21, 2022 - Feb 25, 2022",2.72 (0.47%),"Jan 07, 2022",738.87
230,ISRG,323.16,324.98,313.76 x 900,313.40 x 1200,312.39 - 325.01,227.47 - 369.69,"1,686,932","1,594,036",111.89B,1.10,67.53,4.64,"Jan 20, 2022",N/A (N/A),N/A,363.07
231,IVZ,24.54,24.65,24.18 x 3200,24.18 x 800,23.72 - 24.75,18.39 - 29.71,"4,603,784","3,626,314",11.143B,1.23,9.55,2.53,"Jan 25, 2022",0.68 (2.77%),"Nov 10, 2021",N/A
232,IPGP,172.14,172.35,173.66 x 1300,173.98 x 800,172.16 - 174.61,151.27 - 262.55,"152,797","273,488",9.266B,1.34,35.70,4.87,"Feb 14, 2022 - Feb 18, 2022",N/A (N/A),"Dec 19, 2012",198.60
233,IQV,273.58,272.62,267.98 x 800,268.32 x 800,264.03 - 272.74,170.00 - 285.61,"817,316","777,577",51.168B,1.40,68.17,3.93,"Feb 08, 2022 - Feb 14, 2022",N/A (N/A),N/A,300.78
234,IRM,46.68,46.74,0.00 x 1000,0.00 x 1000,45.75 - 46.86,28.15 - 53.14,"2,871,102","1,839,947",13.429B,0.86,21.11,2.20,"Feb 22, 2022 - Feb 28, 2022",2.47 (5.33%),"Dec 14, 2021",44.00
235,J,139.23,139.52,139.55 x 1000,139.67 x 1000,138.49 - 141.35,100.05 - 149.55,"332,249","546,557",18.056B,0.82,43.64,3.20,"Feb 07, 2022 - Feb 11, 2022",0.84 (0.61%),"Oct 14, 2021",161.69
236,SJM,143.28,143.73,0.00 x 1200,0.00 x 800,139.47 - 143.73,110.53 - 144.89,"517,677","732,230",15.399B,0.33,20.28,7.01,"Mar 01, 2022",3.96 (2.76%),"Nov 10, 2021",132.21
237,JNJ,169.79,169.00,168.45 x 900,170.00 x 900,168.46 - 170.42,151.47 - 179.92,"5,856,531","7,456,938",444.278B,0.74,25.22,6.69,"Jan 25, 2022",4.24 (2.50%),"Feb 18, 2022",186.44
238,JCI,80.03,79.77,78.01 x 800,78.83 x 1100,78.14 - 80.46,48.11 - 81.77,"2,589,295","3,076,331",55.241B,1.11,34.52,2.27,"Feb 02, 2022",1.36 (1.70%),"Dec 17, 2021",N/A
239,JPM,168.44,168.34,168.16 x 900,168.90 x 1100,167.89 - 169.81,127.35 - 172.96,"12,997,653","10,961,215",497.165B,1.12,10.64,15.81,"Jan 14, 2022",4.00 (2.39%),"Jan 05, 2022",181.07
240,JNPR,34.88,34.92,34.77 x 900,34.97 x 1300,34.60 - 35.09,23.12 - 36.03,"2,789,898","3,523,309",11.339B,0.90,77.49,0.45,"Jan 27, 2022",0.80 (2.29%),"Nov 30, 2021",31.06
241,K,64.68,64.69,65.47 x 1800,65.47 x 800,64.67 - 66.11,56.61 - 68.60,"2,139,400","1,995,852",22.279B,0.59,17.81,3.67,"Feb 09, 2022 - Feb 14, 2022",2.32 (3.59%),"Nov 30, 2021",67.65
242,KEY,26.35,26.65,26.27 x 900,26.12 x 3100,25.94 - 26.74,16.69 - 26.74,"9,607,439","7,242,482",24.515B,1.47,10.26,2.57,"Jan 20, 2022",0.78 (2.96%),"Nov 29, 2021",26.11
243,KEYS,190.40,190.40,187.07 x 800,186.40 x 1000,186.22 - 191.78,129.09 - 209.08,"1,174,554","948,484",34.157B,0.96,39.04,4.78,"Feb 16, 2022 - Feb 21, 2022",N/A (N/A),N/A,207.93
244,KMB,143.09,142.95,140.81 x 1200,142.85 x 1800,141.74 - 143.45,125.27 - 145.79,"1,064,694","1,694,241",48.113B,0.52,24.29,5.88,"Jan 26, 2022",4.56 (3.19%),"Dec 09, 2021",134.96
245,KIM,24.92,24.90,20.03 x 1800,25.00 x 1400,24.71 - 25.02,15.14 - 25.57,"4,477,149","3,785,242",15.257B,1.52,12.26,2.02,"Feb 10, 2022",0.68 (2.75%),"Dec 08, 2021",26.05
246,KMI,17.65,17.65,17.50 x 1400,17.55 x 3000,17.50 - 17.84,13.75 - 19.29,"14,603,785","15,248,042",39.839B,1.01,22.88,0.77,"Jan 19, 2022",1.08 (6.13%),"Oct 29, 2021",18.93
247,KLAC,432.22,429.81,416.01 x 800,417.90 x 1100,416.27 - 435.38,273.24 - 442.44,"1,155,021","1,202,374",63.213B,1.20,23.66,17.62,"Jan 27, 2022",4.20 (1.01%),"Nov 12, 2021",438.57
248,KHC,37.30,37.25,37.61 x 1100,37.88 x 2200,37.22 - 37.85,31.60 - 44.95,"5,358,146","7,102,134",46.085B,1.09,20.26,1.86,"Feb 09, 2022 - Feb 14, 2022",1.60 (4.26%),"Nov 24, 2021",39.98
249,KR,47.14,47.26,49.41 x 1100,49.43 x 2900,47.15 - 50.15,31.92 - 50.15,"12,376,679","7,361,241",36.38B,0.44,37.34,1.33,"Mar 02, 2022 - Mar 07, 2022",0.84 (1.78%),"Nov 12, 2021",45.27
250,LHX,220.09,220.45,218.06 x 2200,222.18 x 1300,219.88 - 223.25,168.70 - 246.08,"1,239,799","1,224,893",43.68B,0.87,29.62,7.51,"Jan 31, 2022",4.08 (1.85%),"Nov 18, 2021",N/A
251,LH,282.79,281.98,276.41 x 800,289.70 x 1100,275.37 - 282.20,212.85 - 317.17,"803,492","739,557",26.586B,1.03,9.86,28.19,"Feb 10, 2022",N/A (N/A),"Mar 29, 1994",341.71
252,LRCX,686.32,705.00,685.79 x 1200,691.76 x 900,683.33 - 730.66,481.05 - 731.85,"2,715,105","1,349,957",96.697B,1.17,23.21,29.59,"Jan 26, 2022",6.00 (0.87%),"Dec 14, 2021",740.19
253,LW,70.24,70.24,68.50 x 800,70.00 x 800,67.70 - 70.68,50.22 - 86.41,"2,262,662","1,859,429",9.952B,0.75,52.28,1.31,"Apr 05, 2022 - Apr 11, 2022",0.98 (1.40%),"Feb 03, 2022",75.50
254,LVS,38.95,38.94,37.77 x 3200,37.96 x 1300,37.60 - 39.49,33.75 - 66.77,"6,637,018","8,058,861",28.772B,1.50,N/A,-1.50,"Jan 25, 2022 - Jan 31, 2022",N/A (N/A),"Mar 17, 2020",49.23
255,LDOS,91.51,91.73,89.54 x 800,89.57 x 900,89.03 - 91.73,82.75 - 113.75,"674,629","716,053",12.59B,0.85,16.55,5.42,"Feb 21, 2022 - Feb 25, 2022",1.44 (1.57%),"Dec 14, 2021",115.50
256,LEN,107.73,107.41,110.00 x 900,0.00 x 800,106.97 - 109.15,74.70 - 117.54,"2,196,256","2,277,077",32.706B,1.51,7.56,14.27,"Mar 14, 2022 - Mar 18, 2022",1.00 (0.93%),"Oct 13, 2021",131.00
257,LLY,255.92,254.07,249.14 x 1100,249.50 x 1200,248.55 - 255.50,178.58 - 283.90,"3,542,191","3,034,296",238.832B,0.36,38.12,6.55,"Feb 03, 2022",3.92 (1.53%),"Feb 14, 2022",N/A
258,LNC,65.76,64.69,62.52 x 900,62.88 x 900,61.72 - 64.69,44.59 - 77.57,"1,412,097","1,460,729",11.359B,2.11,9.02,6.97,"Feb 02, 2022",1.80 (2.74%),"Jan 07, 2022",76.83
259,LIN,341.29,338.28,332.39 x 800,339.06 x 1100,332.79 - 339.94,240.80 - 352.18,"1,281,144","1,457,642",170.891B,0.84,49.06,6.80,"Feb 10, 2022",4.24 (1.24%),"Dec 02, 2021",302.92
260,LYV,114.00,115.29,112.95 x 800,113.92 x 900,113.20 - 116.63,65.88 - 127.75,"1,645,165","2,329,038",25.582B,1.31,N/A,-4.16,"Feb 23, 2022 - Feb 28, 2022",N/A (N/A),N/A,115.00
261,LKQ,60.03,60.26,58.50 x 1000,58.50 x 800,58.07 - 60.40,34.55 - 60.43,"1,001,487","1,601,788",17.084B,1.62,17.06,3.44,"Feb 17, 2022",1.00 (1.69%),"Nov 09, 2021",65.89
262,LMT,361.30,362.06,364.36 x 1400,364.73 x 800,360.58 - 367.36,319.81 - 396.99,"1,107,548","1,652,653",100.712B,0.93,16.82,21.71,"Jan 25, 2022",11.20 (3.10%),"Nov 30, 2021",390.65
263,LOW,250.72,253.08,250.34 x 900,251.05 x 1100,250.09 - 253.75,150.84 - 263.31,"2,021,031","3,335,844",168.908B,1.29,21.86,11.47,"Feb 23, 2022",3.20 (1.28%),"Jan 18, 2022",277.79
264,LUMN,13.29,12.64,12.30 x 4000,12.31 x 3100,12.22 - 12.70,10.82 - 16.60,"37,393,290","10,684,831",12.563B,0.98,N/A,-0.71,"Feb 09, 2022",1.00 (7.52%),"Nov 26, 2021",11.30
265,LYB,97.80,98.69,97.87 x 900,0.00 x 800,97.21 - 99.41,84.06 - 118.02,"1,673,234","2,207,676",33.055B,1.47,5.80,17.12,"Jan 27, 2022 - Jan 31, 2022",4.52 (4.62%),"Nov 26, 2021",111.15
266,MTB,179.53,182.22,182.97 x 1400,183.02 x 900,181.07 - 184.78,128.46 - 184.78,"1,704,365","998,209",23.576B,1.08,13.14,13.95,"Jan 20, 2022",4.80 (2.67%),"Nov 29, 2021",180.86
267,MRO,18.71,18.65,18.56 x 3200,18.57 x 2900,18.48 - 19.12,7.20 - 19.12,"20,064,925","16,712,888",14.457B,3.02,N/A,-0.05,"Feb 16, 2022",0.24 (1.28%),"Nov 16, 2021",20.67
268,MPC,73.08,73.34,72.97 x 900,73.00 x 800,72.86 - 74.14,42.32 - 74.14,"5,373,961","6,340,177",45.012B,2.08,5.13,14.25,"Feb 02, 2022",2.32 (3.17%),"Nov 16, 2021",77.53
269,MAR,164.86,164.94,164.11 x 1100,164.37 x 900,164.10 - 167.30,115.50 - 171.68,"1,495,246","2,060,130",53.578B,1.76,115.20,1.43,"Feb 16, 2022 - Feb 21, 2022",N/A (N/A),"Feb 27, 2020",164.42
270,MMC,166.69,166.81,160.68 x 900,164.04 x 800,163.13 - 167.12,106.95 - 175.12,"2,798,892","1,816,879",82.707B,0.93,30.97,5.29,"Jan 27, 2022",2.14 (1.31%),"Oct 07, 2021",178.92
271,MLM,440.52,441.95,441.62 x 800,442.11 x 1300,437.05 - 445.74,274.64 - 445.74,"214,311","308,690",27.53B,0.70,37.88,11.65,"Feb 07, 2022 - Feb 11, 2022",2.44 (0.55%),"Nov 30, 2021",443.38
272,MA,367.31,368.61,369.46 x 900,368.73 x 1000,367.88 - 377.68,306.00 - 401.50,"3,445,612","5,070,253",363.074B,1.14,45.45,8.13,"Jan 27, 2022",1.96 (0.54%),"Jan 06, 2022",429.64
273,MTCH,124.08,128.80,122.69 x 800,123.15 x 900,122.58 - 128.87,118.51 - 182.00,"2,576,916","2,686,526",34.876B,N/A,65.39,1.88,"Feb 01, 2022",N/A (N/A),"Nov 10, 2015",172.89
274,MKC,96.04,96.12,94.44 x 800,94.48 x 800,93.68 - 96.19,77.85 - 98.80,"1,412,925","1,328,657",25.208B,0.48,33.43,2.82,"Jan 27, 2022",1.48 (1.54%),"Dec 30, 2021",88.96
275,MCD,260.92,261.41,261.15 x 1100,261.49 x 1100,260.59 - 263.85,202.73 - 271.15,"2,358,149","2,702,952",195.337B,0.60,26.95,9.70,"Jan 27, 2022",5.52 (2.12%),"Nov 30, 2021",280.03
276,MCK,254.63,253.64,236.00 x 1400,254.89 x 800,251.90 - 256.85,169.34 - 256.85,"605,351","926,187",38.896B,0.78,N/A,-30.59,"Feb 02, 2022",1.88 (0.74%),"Nov 30, 2021",280.46
277,MDT,108.95,108.73,108.58 x 1200,108.63 x 1200,108.45 - 110.60,98.38 - 135.89,"4,993,278","6,884,673",146.261B,0.79,31.37,3.47,"Feb 22, 2022",2.52 (2.34%),"Dec 21, 2021",130.34
278,MRK,81.20,80.93,81.26 x 4000,81.52 x 4000,80.33 - 81.72,68.44 - 91.40,"8,941,151","13,914,422",205.409B,0.50,28.69,2.83,"Feb 03, 2022",2.76 (3.38%),"Dec 14, 2021",92.31
279,FB,333.26,334.98,326.10 x 3100,326.25 x 800,325.76 - 335.61,244.61 - 384.33,"14,342,540","22,085,488",908.189B,1.28,23.36,13.97,"Feb 02, 2022",N/A (N/A),N/A,401.01
280,MET,67.50,67.68,67.45 x 800,67.89 x 800,67.21 - 68.03,47.69 - 68.15,"2,947,382","4,509,046",57.199B,1.27,11.35,5.99,"Feb 02, 2022",1.92 (2.84%),"Nov 08, 2021",73.75
281,MGM,45.39,45.35,44.12 x 800,44.13 x 800,44.06 - 45.50,27.81 - 51.17,"2,406,979","6,036,285",20.78B,2.39,35.53,1.25,"Feb 08, 2022 - Feb 14, 2022",0.01 (0.02%),"Dec 09, 2021",55.07
282,MCHP,85.23,86.04,83.58 x 800,85.42 x 1100,83.41 - 86.80,64.53 - 90.00,"3,623,459","3,821,704",46.437B,1.53,73.22,1.14,"Feb 02, 2022 - Feb 07, 2022",0.93 (1.09%),"Nov 18, 2021",97.80
283,MU,95.11,96.50,95.42 x 1200,95.75 x 900,95.30 - 98.10,65.67 - 98.45,"23,491,090","19,042,419",107.073B,1.15,14.80,6.46,"Mar 29, 2022 - Apr 04, 2022",0.20 (0.21%),"Dec 31, 2021",109.09
284,MSFT,318.27,320.47,304.81 x 900,304.35 x 1800,304.00 - 320.85,212.03 - 349.67,"43,141,818","27,312,193",2.288T,0.86,34.10,8.94,"Jan 25, 2022",2.48 (0.79%),"Feb 16, 2022",371.23
285,MAA,229.44,229.43,202.00 x 1200,225.90 x 1000,222.75 - 230.71,122.35 - 231.63,"570,745","530,415",26.036B,0.68,60.67,3.73,"Feb 01, 2022 - Feb 07, 2022",4.35 (1.90%),"Jan 13, 2022",221.29
286,MRNA,222.89,219.56,210.03 x 900,210.00 x 800,209.58 - 221.50,117.34 - 497.49,"7,347,403","11,756,553",85.213B,1.21,12.59,16.69,"Feb 23, 2022 - Feb 28, 2022",N/A (N/A),N/A,289.07
287,MHK,182.18,183.35,182.66 x 800,182.88 x 800,181.85 - 185.43,134.09 - 231.80,"359,552","565,217",12.425B,1.49,3.68,49.90,"Feb 09, 2022 - Feb 14, 2022",N/A (N/A),N/A,213.29
288,TAP,49.25,49.22,48.43 x 900,48.44 x 900,48.28 - 49.25,42.46 - 61.48,"1,771,931","1,703,775",10.557B,1.07,N/A,-2.05,"Feb 09, 2022 - Feb 14, 2022",0.68 (1.38%),"Dec 02, 2021",54.05
289,MDLZ,67.37,67.25,67.54 x 2900,67.55 x 1000,67.08 - 67.77,52.91 - 67.96,"5,742,321","6,546,266",94.356B,0.75,21.53,3.14,"Jan 27, 2022",1.40 (2.08%),"Dec 30, 2021",71.61
290,MPWR,493.33,491.79,490.95 x 1000,491.68 x 1000,486.00 - 497.00,301.51 - 580.00,"161,371","313,453",22.678B,0.91,110.31,4.46,"Feb 02, 2022 - Feb 07, 2022",2.40 (0.49%),"Dec 30, 2021",603.29
291,MNST,93.98,94.35,94.34 x 1000,94.10 x 1100,93.66 - 95.05,80.92 - 99.89,"1,650,727","2,343,333",49.935B,1.12,33.00,2.86,"Feb 23, 2022 - Feb 28, 2022",N/A (N/A),N/A,105.79
292,MCO,367.86,369.65,360.00 x 3100,588.40 x 900,368.00 - 373.37,261.38 - 407.94,"607,074","615,519",69.322B,1.16,33.41,11.16,"Feb 10, 2022 - Feb 14, 2022",2.48 (0.67%),"Nov 22, 2021",429.18
293,MS,103.05,103.43,102.00 x 1300,102.58 x 1000,102.14 - 104.35,66.85 - 106.47,"5,815,795","8,748,684",184.017B,1.52,13.09,7.83,"Jan 19, 2022",2.80 (2.72%),"Oct 28, 2021",N/A
294,MOS,40.04,40.16,0.00 x 800,0.00 x 800,39.17 - 40.45,25.63 - 43.24,"2,405,676","5,000,001",14.979B,1.78,8.66,4.67,"Feb 15, 2022 - Feb 21, 2022",0.45 (1.12%),"Mar 02, 2022",46.08
295,MSI,256.85,256.52,252.01 x 800,252.17 x 900,250.69 - 258.39,167.07 - 273.65,"855,326","665,495",42.376B,0.77,34.63,7.24,"Feb 02, 2022 - Feb 07, 2022",3.16 (1.23%),"Dec 14, 2021",270.60
296,MSCI,559.08,559.04,533.58 x 900,532.59 x 800,530.56 - 564.04,380.00 - 679.85,"557,772","335,684",43.978B,0.95,64.73,8.24,"Jan 27, 2022",3.64 (0.65%),"Nov 10, 2021",696.00
297,NDAQ,193.24,193.35,186.86 x 800,194.70 x 800,186.75 - 194.04,134.21 - 214.96,"1,308,209","767,677",31.307B,0.83,27.24,6.87,"Jan 26, 2022",2.16 (1.12%),"Dec 02, 2021",223.07
298,NTAP,94.70,95.25,95.74 x 800,95.80 x 900,94.45 - 96.29,58.83 - 96.61,"2,379,841","1,639,822",21.223B,1.20,23.21,4.11,"Feb 23, 2022",2.00 (2.11%),"Jan 06, 2022",98.85
299,NFLX,537.22,537.06,518.90 x 1000,519.20 x 1800,518.26 - 540.64,478.54 - 700.99,"4,192,271","3,437,534",229.981B,0.81,46.81,11.09,"Jan 20, 2022",N/A (N/A),N/A,665.00
300,NWL,23.08,23.09,0.00 x 1000,0.00 x 2200,23.08 - 23.34,20.36 - 30.10,"2,260,412","2,844,998",9.844B,0.96,16.41,1.41,"Feb 10, 2022 - Feb 14, 2022",0.92 (3.98%),"Nov 29, 2021",28.00
301,NEM,61.52,61.47,61.22 x 1800,61.23 x 1000,61.22 - 61.87,52.60 - 75.31,"4,713,274","6,506,228",48.899B,0.28,24.17,2.54,"Feb 16, 2022 - Feb 21, 2022",2.20 (3.61%),"Dec 08, 2021",96.82
302,NEE,85.09,85.58,84.80 x 1100,85.98 x 900,84.72 - 85.81,68.33 - 93.73,"6,954,398","7,052,336",166.586B,0.30,138.27,0.61,"Jan 25, 2022",1.54 (1.81%),"Nov 24, 2021",95.30
303,NLSN,21.39,20.09,20.12 x 900,20.14 x 900,19.92 - 20.25,18.76 - 28.42,"1,138,412","3,480,795",7.243B,1.42,9.24,2.18,"Feb 23, 2022 - Feb 28, 2022",0.24 (1.12%),"Nov 17, 2021",26.25
304,NKE,152.21,153.20,149.00 x 800,149.87 x 1400,149.02 - 153.57,125.44 - 179.10,"4,119,857","5,630,961",236.547B,0.92,39.26,3.81,"Mar 16, 2022 - Mar 21, 2022",1.22 (0.80%),"Dec 03, 2021",184.03
305,NI,27.61,27.60,27.51 x 1800,27.52 x 900,27.20 - 27.62,21.09 - 27.85,"1,913,384","3,906,223",10.793B,0.32,25.10,1.10,"Feb 15, 2022 - Feb 21, 2022",0.88 (3.19%),"Oct 28, 2021",28.45
306,NSC,288.18,288.70,289.66 x 800,289.82 x 1000,288.19 - 291.55,230.15 - 299.20,"628,235","1,138,717",70.476B,1.36,24.93,11.62,"Jan 26, 2022",4.36 (1.51%),"Nov 04, 2021",307.26
307,NOC,385.53,387.54,397.00 x 800,396.75 x 1200,387.54 - 397.85,282.88 - 408.03,"692,824","744,952",62.462B,0.81,14.00,28.35,"Jan 27, 2022",6.28 (1.63%),"Nov 26, 2021",399.35
308,NLOK,26.58,26.56,26.53 x 800,26.54 x 900,26.50 - 26.69,19.41 - 28.92,"378,823","3,787,903",15.457B,1.08,17.76,1.50,"Feb 03, 2022",0.50 (1.86%),"Nov 19, 2021",29.11
309,NCLH,22.22,22.47,23.00 x 1300,23.05 x 2900,22.33 - 23.74,17.78 - 34.49,"24,993,808","20,740,839",9.634B,2.69,N/A,-10.77,"Feb 23, 2022 - Feb 28, 2022",N/A (N/A),N/A,30.77
310,NRG,41.33,41.47,40.81 x 800,40.87 x 800,40.80 - 41.70,31.94 - 46.10,"1,584,446","2,382,923",10.014B,0.86,4.10,9.98,"Feb 28, 2022 - Mar 04, 2022",1.30 (3.15%),"Oct 29, 2021",46.30
311,NUE,114.72,114.00,112.18 x 800,113.45 x 1000,112.29 - 116.17,47.94 - 128.81,"2,213,062","3,367,746",32.215B,1.45,6.80,16.58,"Jan 27, 2022",2.00 (1.74%),"Dec 30, 2021",109.88
312,NVDA,279.99,283.79,266.05 x 900,266.15 x 900,265.00 - 284.48,115.67 - 346.47,"53,894,606","45,114,120",662.249B,1.31,81.95,3.24,"Feb 22, 2022 - Feb 28, 2022",0.16 (0.06%),"Dec 01, 2021",341.20
313,NVR,"5,438.88","5,418.75","5,476.00 x 800","5,639.00 x 1800","5,250.63 - 5,528.20","3,885.00 - 5,982.45","17,112","19,163",19.209B,0.99,17.88,308.41,"Jan 26, 2022 - Jan 31, 2022",N/A (N/A),N/A,"5,962.50"
314,NXPI,229.02,231.99,223.25 x 1000,221.01 x 800,220.84 - 232.36,156.02 - 239.91,"2,736,131","2,216,846",59B,1.38,39.72,5.59,"Jan 31, 2022",2.25 (0.99%),"Dec 14, 2021",241.89
315,ORLY,695.94,694.85,698.94 x 1100,700.47 x 1200,694.68 - 704.20,424.03 - 710.86,"392,796","398,577",47.088B,0.99,24.28,28.78,"Feb 09, 2022",N/A (N/A),N/A,704.25
316,OXY,34.75,34.74,34.10 x 2200,34.11 x 1800,34.02 - 35.24,19.46 - 35.75,"13,228,950","15,184,214",31.895B,2.36,N/A,-1.21,"Feb 24, 2022",0.04 (0.12%),"Dec 09, 2021",41.72
317,ODFL,330.17,325.81,320.05 x 800,320.93 x 1200,318.19 - 326.43,192.76 - 373.58,"144,357","613,215",36.85B,1.01,39.62,8.09,"Feb 02, 2022",0.80 (0.23%),"Nov 30, 2021",336.34
318,OMC,78.39,78.51,77.68 x 800,77.69 x 900,77.25 - 78.96,61.46 - 86.38,"1,264,781","1,954,311",16.484B,0.86,12.08,6.42,"Feb 16, 2022 - Feb 21, 2022",2.80 (3.57%),"Dec 20, 2021",83.62
319,OKE,62.50,62.50,61.54 x 1000,61.59 x 800,61.43 - 63.05,38.90 - 66.78,"2,322,379","2,347,852",27.492B,1.85,19.30,3.19,"Feb 21, 2022 - Feb 25, 2022",3.74 (5.98%),"Oct 29, 2021",65.24
320,ORCL,88.31,88.73,87.83 x 800,88.18 x 1400,87.55 - 88.92,59.74 - 106.34,"5,731,753","9,229,074",234.439B,0.79,24.78,3.54,"Mar 08, 2022 - Mar 14, 2022",1.28 (1.45%),"Jan 06, 2022",102.42
321,OGN,31.51,31.52,28.60 x 800,32.59 x 1800,31.52 - 32.47,27.25 - 38.75,"1,350,912","2,003,953",8.218B,N/A,5.42,5.97,"Nov 11, 2021",1.12 (3.55%),"Nov 19, 2021",40.14
322,OTIS,85.57,85.40,86.16 x 1000,86.10 x 800,84.97 - 86.46,61.28 - 92.84,"1,440,954","2,059,358",36.624B,N/A,30.80,2.80,"Jan 31, 2022 - Feb 04, 2022",0.96 (1.11%),"Nov 18, 2021",94.41
323,PCAR,93.08,93.58,92.87 x 900,94.25 x 800,92.63 - 94.80,77.96 - 103.19,"1,854,997","1,768,547",32.638B,1.00,18.73,5.02,"Jan 24, 2022 - Jan 28, 2022",1.36 (1.47%),"Feb 07, 2022",97.53
324,PH,324.13,324.52,314.75 x 1000,371.50 x 1100,322.81 - 328.23,247.41 - 334.98,"621,752","666,019",41.605B,1.71,22.57,14.35,"Feb 03, 2022",4.12 (1.27%),"Nov 10, 2021",372.56
325,PAYX,128.28,128.45,127.10 x 800,127.20 x 900,126.95 - 128.93,85.30 - 138.97,"735,014","1,490,595",45.861B,0.92,36.12,3.52,"Apr 04, 2022 - Apr 08, 2022",2.64 (2.06%),"Oct 29, 2021",134.25
326,PAYC,358.07,357.86,340.00 x 900,343.83 x 800,342.35 - 359.88,302.44 - 558.97,"491,417","387,830",20.562B,1.44,116.12,2.95,"Feb 08, 2022 - Feb 14, 2022",N/A (N/A),N/A,536.19
327,PYPL,187.20,187.78,180.53 x 900,180.58 x 1100,180.35 - 190.84,177.40 - 310.16,"12,674,847","16,225,125",212.674B,1.15,43.52,4.16,"Feb 01, 2022 - Feb 07, 2022",N/A (N/A),N/A,265.76
328,PENN,47.44,47.51,45.74 x 800,45.58 x 1300,45.35 - 48.00,43.36 - 142.00,"3,169,945","5,463,557",7.752B,2.48,19.39,2.36,"Feb 02, 2022 - Feb 07, 2022",N/A (N/A),N/A,79.13
329,PBCT,20.71,20.77,21.10 x 3000,21.11 x 1800,20.77 - 21.28,13.36 - 21.28,"4,507,718","4,763,434",9.066B,1.08,30.17,0.70,"Jan 19, 2022 - Jan 24, 2022",0.73 (3.52%),"Oct 29, 2021",N/A
330,PEP,173.90,173.71,174.18 x 1100,174.15 x 800,173.24 - 174.69,128.32 - 175.84,"3,985,456","4,286,126",240.83B,0.67,29.67,5.87,"Feb 10, 2022",4.30 (2.47%),"Dec 02, 2021",173.05
331,PKI,182.81,183.08,179.25 x 1000,179.79 x 1400,177.77 - 183.34,119.95 - 203.16,"1,009,636","952,465",22.668B,1.08,17.92,10.02,"Feb 01, 2022",0.28 (0.15%),"Jan 20, 2022",191.58
332,PFE,56.65,56.53,55.36 x 1300,55.45 x 1000,55.22 - 56.75,33.36 - 61.71,"27,291,825","42,481,228",311.739B,0.64,15.86,3.50,"Feb 08, 2022",1.60 (2.82%),"Jan 27, 2022",N/A
333,PM,101.44,101.33,101.96 x 900,102.35 x 800,100.80 - 102.13,78.34 - 106.51,"5,874,604","4,874,826",158.952B,0.91,17.79,5.74,"Feb 02, 2022 - Feb 07, 2022",5.00 (4.95%),"Dec 22, 2021",108.22
334,PSX,86.30,85.81,86.63 x 900,86.64 x 1100,85.81 - 87.99,63.19 - 94.34,"3,453,537","3,357,782",38.027B,1.65,N/A,-1.15,"Jan 28, 2022",3.68 (4.27%),"Nov 16, 2021",95.57
335,PNW,70.15,70.15,70.76 x 1100,70.79 x 900,70.03 - 70.86,62.78 - 88.54,"182,963","1,317,303",7.979B,0.28,14.02,5.04,"Feb 22, 2022 - Feb 28, 2022",3.40 (4.84%),"Jan 31, 2022",67.62
336,PXD,204.91,205.13,206.83 x 800,207.10 x 1000,203.50 - 208.08,115.15 - 208.08,"2,479,529","1,960,314",50.609B,1.83,33.01,6.28,"Feb 21, 2022 - Feb 25, 2022",2.30 (1.12%),"Dec 30, 2021",230.61
337,PNC,222.45,223.44,0.00 x 1000,0.00 x 1100,220.56 - 224.36,141.60 - 226.39,"1,651,916","1,680,134",94.792B,1.33,22.05,10.17,"Jan 18, 2022",5.00 (2.23%),"Jan 14, 2022",219.67
338,POOL,503.17,497.03,494.43 x 800,495.49 x 1100,485.29 - 497.08,305.47 - 582.27,"544,448","242,314",19.896B,0.84,33.64,14.75,"Feb 09, 2022 - Feb 14, 2022",3.20 (0.64%),"Nov 09, 2021",566.71
339,PPG,167.71,167.01,166.31 x 800,166.41 x 900,164.90 - 167.50,132.10 - 182.97,"678,358","1,261,933",39.392B,1.17,27.88,5.95,"Jan 20, 2022",2.36 (1.41%),"Nov 09, 2021",181.77
340,PPL,30.23,30.37,0.00 x 2900,0.00 x 2200,29.82 - 30.39,26.15 - 30.72,"3,926,264","4,203,580",22.484B,0.79,N/A,-1.72,"Feb 16, 2022 - Feb 21, 2022",1.66 (5.49%),"Dec 09, 2021",31.36
341,PFG,76.52,77.22,76.58 x 1100,76.48 x 900,76.23 - 77.52,48.88 - 77.68,"836,842","1,479,296",20.299B,1.60,12.31,6.22,"Feb 07, 2022",2.56 (3.35%),"Nov 30, 2021",76.30
342,PG,159.01,159.31,158.20 x 800,158.40 x 800,157.78 - 159.45,121.54 - 165.32,"6,534,355","7,625,866",383.054B,0.45,28.93,5.47,"Jan 19, 2022",3.48 (2.19%),"Oct 21, 2021",157.97
343,PGR,108.92,108.33,109.62 x 1400,109.63 x 1000,108.33 - 110.45,84.89 - 110.91,"2,852,286","2,731,088",64.196B,0.51,15.97,6.88,"Jan 26, 2022",0.40 (0.37%),"Jan 06, 2022",100.07
344,PLD,153.24,153.34,148.00 x 1000,153.57 x 1100,152.90 - 154.39,94.14 - 169.93,"1,642,016","2,451,634",113.228B,0.83,57.92,2.64,"Jan 19, 2022",2.52 (1.64%),"Dec 13, 2021",169.32
345,PRU,113.22,113.75,100.51 x 800,120.65 x 1400,113.14 - 115.98,77.27 - 115.98,"2,060,500","1,728,636",43.391B,1.62,6.25,18.36,"Feb 03, 2022",4.60 (4.01%),"Nov 22, 2021",113.00
346,PEG,66.04,65.55,66.24 x 800,66.25 x 1000,65.36 - 66.68,53.77 - 67.62,"1,368,606","1,694,630",33.526B,0.60,N/A,-1.32,"Feb 24, 2022 - Feb 28, 2022",2.04 (3.10%),"Dec 08, 2021",71.35
347,PTC,120.51,120.56,121.75 x 800,121.93 x 900,120.26 - 122.05,105.49 - 153.73,"56,154","865,019",14.373B,1.28,30.26,4.03,"Jan 25, 2022 - Jan 31, 2022",N/A (N/A),N/A,156.15
348,PSA,359.82,360.53,0.00 x 1100,358.53 x 800,356.78 - 363.67,218.58 - 377.36,"547,124","617,725",63.628B,0.24,43.35,8.37,"Feb 22, 2022 - Feb 28, 2022",8.00 (2.25%),"Dec 14, 2021",372.57
349,PHM,55.02,57.85,56.70 x 800,56.75 x 900,56.40 - 58.09,42.15 - 63.91,"3,793,576","2,321,242",14.414B,1.44,8.81,6.47,"Feb 01, 2022",0.60 (1.09%),"Dec 14, 2021",65.92
350,QRVO,158.36,158.96,154.31 x 1100,154.99 x 1300,154.50 - 159.63,142.17 - 201.68,"927,829","1,313,733",17.05B,1.37,16.02,9.66,"Feb 01, 2022 - Feb 07, 2022",N/A (N/A),N/A,204.56
351,PWR,114.59,114.75,111.66 x 900,114.70 x 900,111.94 - 115.89,68.15 - 124.69,"901,275","1,000,001",15.998B,1.16,29.47,3.81,"Feb 23, 2022 - Feb 28, 2022",0.28 (0.25%),"Jan 03, 2022",135.69
352,QCOM,186.42,188.70,183.54 x 1000,183.93 x 1200,183.29 - 191.58,122.17 - 193.58,"10,034,610","10,498,549",205.957B,1.27,23.37,7.87,"Feb 02, 2022",2.72 (1.46%),"Dec 01, 2021",208.99
353,DGX,147.14,147.21,145.12 x 800,145.04 x 900,143.51 - 147.48,113.36 - 174.16,"1,396,142","1,251,265",17.789B,1.02,8.72,16.63,"Feb 03, 2022",2.48 (1.69%),"Jan 18, 2022",169.07
354,RL,108.90,109.99,111.93 x 900,113.29 x 1000,109.97 - 112.19,98.65 - 142.06,"655,483","912,285",8.243B,1.53,20.71,5.41,"Feb 02, 2022 - Feb 07, 2022",2.75 (2.53%),"Dec 22, 2021",138.63
355,RTX,91.07,91.38,91.39 x 900,91.90 x 800,90.96 - 92.46,65.02 - 92.46,"4,902,457","4,884,641",137.045B,1.02,41.62,2.20,"Jan 25, 2022",2.04 (2.25%),"Nov 18, 2021",104.06
356,O,71.87,71.99,71.55 x 800,72.00 x 800,71.51 - 72.54,55.61 - 72.54,"2,282,627","5,031,746",40.565B,0.80,56.55,1.27,"Feb 21, 2022 - Feb 25, 2022",2.96 (4.12%),"Jan 31, 2022",79.29
357,REGN,626.09,624.45,610.20 x 900,631.54 x 1100,620.83 - 632.39,441.00 - 686.62,"584,503","762,647",67.907B,0.17,10.10,62.53,"Feb 03, 2022 - Feb 07, 2022",N/A (N/A),N/A,711.68
358,RF,24.78,24.99,24.96 x 4000,25.43 x 1400,24.91 - 25.36,16.89 - 25.51,"10,640,119","7,695,158",23.861B,1.45,9.38,2.67,"Jan 20, 2022",0.68 (2.74%),"Dec 02, 2021",26.57
359,RSG,139.45,139.19,134.75 x 1000,138.14 x 800,133.68 - 139.46,88.62 - 145.98,"1,123,463","942,434",42.938B,0.77,35.73,3.79,"Feb 21, 2022 - Feb 25, 2022",1.84 (1.32%),"Dec 31, 2021",141.23
360,ROK,327.88,323.80,331.04 x 900,329.84 x 800,316.87 - 331.10,237.14 - 354.99,"737,717","544,185",38.302B,1.36,28.51,11.58,"Jan 24, 2022 - Jan 28, 2022",4.48 (1.37%),"Nov 12, 2021",338.19
361,ROP,491.86,491.02,472.50 x 1000,477.01 x 1200,472.31 - 492.35,365.23 - 505.00,"355,584","373,293",50.102B,1.06,45.08,10.54,"Jan 27, 2022 - Jan 31, 2022",2.48 (0.50%),"Jan 07, 2022",521.69
362,ROST,106.93,107.61,106.07 x 900,106.11 x 800,104.56 - 108.62,100.94 - 134.22,"1,238,223","1,972,301",37.52B,1.03,23.78,4.47,"Feb 28, 2022 - Mar 04, 2022",1.14 (1.07%),"Dec 06, 2021",136.35
363,RCL,82.26,82.47,83.30 x 1000,83.16 x 1000,82.30 - 85.32,64.20 - 99.24,"4,071,530","4,158,446",21.272B,2.65,N/A,-21.58,"Feb 21, 2022 - Feb 25, 2022",N/A (N/A),"Mar 05, 2020",96.17
364,SPGI,447.84,447.83,436.26 x 800,454.79 x 900,434.70 - 450.07,303.50 - 484.21,"1,108,714","1,321,682",105.141B,0.98,37.61,11.60,"Feb 07, 2022 - Feb 11, 2022",3.08 (0.69%),"Nov 24, 2021",511.67
365,CRM,237.83,237.50,228.50 x 800,228.60 x 800,227.92 - 238.79,201.51 - 311.75,"6,291,410","5,792,073",225.201B,1.05,125.76,1.82,"Feb 23, 2022 - Feb 28, 2022",N/A (N/A),N/A,324.13
366,SLB,36.45,36.47,36.10 x 1000,36.11 x 800,36.03 - 37.12,21.23 - 37.12,"12,332,938","11,285,726",50.733B,2.30,31.07,1.16,"Jan 21, 2022",0.50 (1.37%),"Nov 30, 2021",N/A
367,STX,113.23,114.00,110.75 x 1000,110.88 x 800,110.43 - 114.21,58.35 - 117.67,"1,178,402","2,298,666",24.677B,1.07,16.31,6.80,"Jan 19, 2022 - Jan 24, 2022",2.80 (2.47%),"Dec 21, 2021",N/A
368,SRE,138.21,138.50,137.22 x 800,139.00 x 1800,136.99 - 138.90,114.66 - 144.93,"1,562,370","1,493,312",43.973B,0.70,39.50,3.49,"Feb 23, 2022 - Feb 28, 2022",4.40 (3.18%),"Dec 22, 2021",148.49
369,NOW,573.39,575.02,521.58 x 1000,523.00 x 800,520.00 - 575.84,448.27 - 707.60,"3,842,664","1,201,782",103.731B,1.00,477.78,1.09,"Jan 26, 2022",N/A (N/A),N/A,730.31
370,SHW,321.59,322.24,317.30 x 1000,316.89 x 1100,316.64 - 324.50,218.06 - 354.15,"1,018,744","1,118,965",83.218B,1.07,43.48,7.30,"Jan 27, 2022",2.20 (0.68%),"Nov 18, 2021",348.14
371,SBNY,353.24,354.19,0.00 x 800,0.00 x 1000,344.76 - 361.76,146.10 - 370.90,"634,253","968,660",21.871B,1.89,25.85,13.95,"Jan 19, 2022 - Jan 24, 2022",2.24 (0.62%),"Oct 28, 2021",378.28
372,SPG,159.77,160.48,158.50 x 1000,160.29 x 900,158.87 - 162.60,82.06 - 171.12,"2,124,016","2,143,669",52.678B,1.52,25.95,6.18,"Feb 07, 2022 - Feb 11, 2022",6.60 (4.13%),"Dec 09, 2021",172.17
373,SWKS,156.11,156.72,153.60 x 800,153.70 x 800,152.26 - 158.03,142.00 - 204.00,"1,380,269","1,853,782",25.241B,1.10,17.01,8.97,"Jan 26, 2022 - Jan 31, 2022",2.24 (1.43%),"Nov 22, 2021",205.50
374,SNA,209.94,209.84,210.46 x 900,210.88 x 800,208.88 - 211.23,165.88 - 259.99,"18,155","404,670",11.297B,1.22,14.40,14.65,"Feb 02, 2022 - Feb 07, 2022",5.68 (2.71%),"Nov 18, 2021",236.25
375,SEDG,248.91,247.65,240.98 x 800,241.56 x 1100,241.00 - 253.16,199.33 - 389.71,"627,863","891,265",12.958B,1.01,92.54,2.67,"Feb 14, 2022 - Feb 18, 2022",N/A (N/A),N/A,346.86
376,SO,68.36,68.26,68.47 x 1200,68.90 x 1000,68.16 - 68.88,56.69 - 68.88,"3,519,202","4,129,315",72.681B,0.48,24.48,2.80,"Feb 16, 2022 - Feb 21, 2022",2.64 (3.85%),"Nov 12, 2021",67.59
377,LUV,45.21,45.32,45.73 x 1000,46.00 x 800,45.24 - 46.49,38.66 - 64.75,"7,332,609","8,881,396",27.104B,1.10,N/A,-0.00,"Jan 27, 2022",N/A (N/A),"Mar 03, 2020",56.58
378,SWK,193.00,194.32,195.45 x 900,195.54 x 800,193.82 - 196.52,168.77 - 225.00,"835,868","1,285,792",31.86B,1.39,17.69,11.05,"Feb 01, 2022",3.16 (1.64%),"Nov 30, 2021",223.13
379,SBUX,103.87,104.15,102.11 x 800,102.50 x 800,102.09 - 104.67,95.92 - 126.32,"9,401,391","7,292,073",120.136B,0.82,28.93,3.54,"Feb 01, 2022",1.96 (1.89%),"Feb 10, 2022",123.00
380,STT,103.33,103.56,103.42 x 800,103.20 x 1000,103.05 - 104.87,69.02 - 104.87,"1,848,136","2,177,239",37.821B,1.61,15.24,6.79,"Jan 19, 2022",2.28 (2.21%),"Dec 31, 2021",116.93
381,SYK,268.03,268.75,264.01 x 800,271.97 x 900,267.09 - 271.87,220.90 - 281.16,"1,002,228","1,284,100",101.059B,1.01,53.92,4.97,"Jan 27, 2022",2.78 (1.04%),"Dec 30, 2021",288.78
382,SIVB,737.77,740.63,709.95 x 1000,710.69 x 900,705.61 - 743.97,435.77 - 763.22,"352,412","334,914",41.764B,1.87,21.83,32.60,"Jan 20, 2022",N/A (N/A),"Feb 10, 1992",839.95
383,SYF,49.03,49.33,49.34 x 1300,49.35 x 900,49.31 - 50.20,33.41 - 52.49,"4,049,339","5,180,798",27.067B,1.67,7.00,7.07,"Jan 28, 2022",0.88 (1.79%),"Oct 29, 2021",58.68
384,SNPS,338.59,340.42,305.05 x 800,353.61 x 900,326.45 - 342.87,217.69 - 377.60,"783,558","723,704",50.252B,1.13,68.09,4.81,"Feb 15, 2022 - Feb 21, 2022",N/A (N/A),N/A,392.59
385,SYY,78.19,78.66,80.29 x 900,80.30 x 900,78.58 - 80.98,68.05 - 86.73,"1,934,759","2,514,093",41.228B,1.36,60.38,1.33,"Jan 31, 2022 - Feb 04, 2022",1.88 (2.40%),"Jan 06, 2022",89.36
386,TMUS,110.85,111.17,110.15 x 1000,110.47 x 900,109.56 - 112.00,104.10 - 150.20,"3,840,200","5,304,690",137.545B,0.53,41.40,2.66,"Feb 02, 2022 - Feb 07, 2022",N/A (N/A),"May 01, 2013",167.43
387,TROW,180.83,181.45,176.77 x 800,177.08 x 1100,176.86 - 182.29,154.20 - 224.56,"1,847,125","1,058,668",40.639B,1.20,13.36,13.27,"Jan 27, 2022",4.32 (2.39%),"Dec 15, 2021",204.55
388,TTWO,156.06,156.51,155.21 x 800,155.00 x 3100,154.03 - 156.59,138.19 - 214.91,"2,820,801","1,471,077",17.87B,0.62,32.02,4.84,"Feb 07, 2022",N/A (N/A),N/A,208.14
389,TPR,38.55,38.67,39.06 x 1000,39.19 x 800,38.50 - 39.72,30.24 - 49.67,"2,348,909","3,384,703",10.794B,1.49,13.43,2.92,"Feb 10, 2022",1.00 (2.59%),"Dec 02, 2021",55.62
390,TGT,224.47,225.28,225.97 x 800,225.28 x 900,223.75 - 226.80,166.83 - 268.98,"3,278,892","3,694,238",108.201B,1.01,16.62,13.59,"Feb 28, 2022 - Mar 04, 2022",3.60 (1.60%),"Nov 16, 2021",283.52
391,TER,162.90,165.61,156.78 x 800,159.95 x 800,157.44 - 167.69,104.05 - 168.91,"1,130,726","1,493,676",25.795B,1.38,29.81,5.31,"Jan 25, 2022 - Jan 31, 2022",0.40 (0.25%),"Nov 23, 2021",163.85
392,TSLA,"1,106.22","1,109.06","1,029.10 x 800","1,029.50 x 1100","1,026.54 - 1,115.60","539.49 - 1,243.49","31,230,342","27,838,355",1.036T,1.98,336.89,3.06,"Jan 26, 2022",N/A (N/A),N/A,924.95
393,TXN,184.64,186.00,184.30 x 900,185.97 x 800,184.41 - 187.34,161.67 - 202.26,"3,794,946","4,565,125",171.804B,0.92,23.89,7.79,"Jan 25, 2022",4.60 (2.49%),"Oct 29, 2021",203.75
394,TXT,76.88,77.03,76.94 x 800,77.54 x 800,76.74 - 78.14,44.36 - 79.45,"602,392","1,114,903",16.997B,1.75,22.68,3.40,"Jan 27, 2022",0.08 (0.10%),"Dec 09, 2021",N/A
395,TMO,620.50,618.68,623.01 x 1000,625.50 x 1000,618.68 - 631.89,433.52 - 672.34,"1,314,664","1,347,719",246.359B,0.74,29.02,21.54,"Feb 02, 2022",1.04 (0.17%),"Dec 14, 2021",691.41
396,TJX,73.41,74.05,72.54 x 1100,72.57 x 3100,72.36 - 74.21,61.15 - 77.35,"4,961,974","6,527,207",86.615B,0.96,33.51,2.17,"Feb 22, 2022 - Feb 28, 2022",1.04 (1.42%),"Feb 09, 2022",85.96
397,TSCO,228.91,231.60,231.02 x 800,231.04 x 800,229.96 - 234.30,139.11 - 239.86,"512,912","697,539",26.267B,0.91,29.51,7.82,"Jan 27, 2022",2.08 (0.91%),"Nov 19, 2021",231.04
398,TT,194.85,195.04,194.96 x 800,194.97 x 900,193.80 - 196.36,137.98 - 207.06,"1,671,572","1,152,438",46.32B,1.22,35.06,5.56,"Feb 03, 2022 - Feb 07, 2022",2.36 (1.21%),"Dec 02, 2021",N/A
399,TDG,636.28,638.92,638.66 x 1000,640.51 x 1100,631.62 - 643.39,517.37 - 688.03,"194,185","291,782",35.387B,1.57,61.62,10.39,"Feb 07, 2022 - Feb 11, 2022",N/A (N/A),"Dec 27, 2019",726.31
400,TRV,164.06,164.71,0.00 x 800,0.00 x 1100,160.44 - 164.84,135.87 - 168.31,"903,843","1,402,033",40.139B,0.78,11.42,14.28,"Jan 20, 2022",3.52 (2.12%),"Dec 09, 2021",165.06
401,TRMB,79.14,77.98,76.91 x 800,76.95 x 1100,76.20 - 78.00,65.37 - 96.49,"646,658","1,038,298",19.328B,1.54,35.05,2.20,"Feb 08, 2022 - Feb 14, 2022",N/A (N/A),N/A,97.44
402,TFC,65.00,65.77,65.28 x 800,65.28 x 800,64.39 - 65.98,47.69 - 65.98,"5,931,011","4,587,461",87.155B,1.27,15.41,4.24,"Jan 18, 2022",1.92 (2.95%),"Nov 10, 2021",68.01
403,TWTR,40.25,40.15,38.64 x 1000,38.65 x 1800,38.61 - 40.34,38.22 - 80.75,"14,806,991","17,351,079",30.945B,0.69,N/A,-0.23,"Feb 10, 2022",N/A (N/A),N/A,63.37
404,TSN,90.75,91.31,93.02 x 800,93.06 x 1000,91.19 - 93.27,62.59 - 93.27,"1,782,706","1,840,736",33.843B,0.83,11.18,8.34,"Feb 07, 2022",1.84 (2.03%),"Nov 30, 2021",91.17
405,ULTA,384.16,384.16,378.35 x 1300,378.83 x 800,376.68 - 388.73,276.00 - 422.43,"687,134","794,976",20.466B,1.65,24.24,15.60,"Mar 10, 2022",N/A (N/A),"Mar 16, 2012",453.80
406,USB,60.05,59.90,60.36 x 800,61.00 x 1800,59.68 - 61.17,42.47 - 63.01,"6,931,517","5,118,046",90.451B,1.09,12.24,4.98,"Jan 19, 2022",1.84 (3.02%),"Dec 30, 2021",67.01
407,UAA,19.59,19.64,19.27 x 3200,19.27 x 2900,19.24 - 19.74,17.16 - 27.28,"3,977,926","6,083,638",8.469B,1.25,20.42,0.94,"Feb 08, 2022 - Feb 14, 2022",N/A (N/A),N/A,29.27
408,UA,16.70,16.68,16.49 x 2900,16.55 x 2200,16.48 - 16.87,14.62 - 23.00,"1,564,382","2,419,408",8.498B,1.25,17.47,0.94,"Apr 25, 2018 - Apr 30, 2018",N/A (N/A),N/A,26.20
409,UNP,254.78,254.53,0.00 x 900,250.04 x 1100,248.40 - 254.53,193.14 - 256.11,"3,049,350","2,476,711",160.899B,1.19,26.81,9.34,"Jan 20, 2022",4.72 (1.85%),"Dec 17, 2021",263.93
410,UAL,46.54,47.21,48.12 x 1800,48.15 x 4000,46.78 - 49.26,38.88 - 63.70,"14,393,337","12,611,504",15.598B,1.47,N/A,-10.20,"Jan 19, 2022",N/A (N/A),"Jan 07, 2008",58.89
411,UNH,473.72,475.89,468.15 x 900,469.53 x 1100,465.98 - 476.55,320.35 - 509.23,"2,836,307","3,128,834",440.249B,0.87,29.01,16.11,"Jan 19, 2022",5.80 (1.24%),"Dec 03, 2021",512.31
412,UPS,211.22,211.56,210.25 x 1000,210.59 x 1100,209.93 - 213.64,154.76 - 220.24,"1,804,579","2,574,165",182.928B,1.13,28.62,7.36,"Feb 01, 2022",4.08 (1.93%),"Nov 19, 2021",230.87
413,URI,331.95,333.92,335.63 x 800,335.47 x 3100,333.92 - 345.27,228.22 - 414.99,"651,821","633,763",24.34B,1.88,20.33,16.53,"Jan 26, 2022",N/A (N/A),N/A,404.00
414,UHS,132.86,128.00,0.00 x 900,0.00 x 900,126.05 - 128.54,116.23 - 165.00,"200,936","696,658",10.275B,1.17,10.29,12.42,"Feb 23, 2022 - Feb 28, 2022",0.80 (0.61%),"Nov 30, 2021",146.65
415,VLO,84.37,84.37,83.36 x 1100,83.33 x 800,83.07 - 84.93,54.84 - 85.15,"2,844,799","3,681,552",34.081B,2.10,N/A,-1.09,"Jan 27, 2022",3.92 (4.68%),"Nov 17, 2021",91.68
416,VTR,53.62,53.49,53.09 x 800,53.10 x 1000,52.49 - 53.65,45.40 - 61.09,"1,976,138","2,206,365",21.204B,1.26,100.42,0.53,"Feb 16, 2022 - Feb 21, 2022",1.80 (3.36%),"Dec 31, 2021",59.67
417,VRSN,249.64,250.38,250.32 x 1000,250.64 x 1100,249.73 - 251.57,184.60 - 251.57,"35,629","609,280",27.918B,0.85,46.33,5.43,"Feb 09, 2022 - Feb 14, 2022",N/A (N/A),"May 05, 2011",254.75
418,VZ,53.45,53.51,53.51 x 3100,53.49 x 4000,53.17 - 54.03,49.69 - 59.85,"18,009,987","21,257,860",224.664B,0.42,10.06,5.32,"Jan 25, 2022",2.56 (4.79%),"Jan 07, 2022",60.00
419,VRTX,226.14,225.23,226.29 x 1400,229.60 x 800,225.18 - 228.12,176.36 - 242.99,"1,701,272","1,870,750",57.608B,0.63,27.17,8.34,"Jan 31, 2022 - Feb 04, 2022",N/A (N/A),N/A,260.97
420,VFC,71.04,71.29,70.09 x 800,0.00 x 2200,70.35 - 71.44,65.34 - 90.79,"446,071","2,632,047",27.813B,1.48,22.70,3.12,"Jan 28, 2022",2.00 (2.76%),"Dec 09, 2021",85.23
421,VIAC,34.97,35.92,36.11 x 900,36.14 x 2200,35.32 - 36.85,28.29 - 101.97,"15,309,722","13,442,011",23.601B,1.59,7.07,5.12,"Feb 15, 2022",0.96 (2.75%),"Dec 14, 2021",47.61
422,VTRS,15.17,15.20,14.98 x 1200,15.06 x 4000,15.00 - 15.19,11.96 - 18.68,"7,314,558","10,161,817",18.165B,1.45,N/A,-1.72,"Nov 08, 2021",0.48 (3.20%),"Feb 23, 2022",20.00
423,V,215.71,216.85,214.95 x 900,215.23 x 1200,214.65 - 220.48,190.10 - 252.67,"8,737,199","10,754,552",467.369B,0.97,38.21,5.63,"Jan 27, 2022",1.50 (0.70%),"Nov 10, 2021",271.41
424,VNO,41.86,42.03,43.54 x 900,43.55 x 800,41.95 - 43.69,35.02 - 50.91,"828,063","1,240,271",8.372B,1.28,N/A,-0.63,"Feb 14, 2022",2.12 (5.06%),"Nov 05, 2021",45.36
425,VMC,207.58,208.40,207.61 x 1100,207.69 x 1000,206.86 - 209.91,143.10 - 210.25,"588,468","739,982",27.589B,0.63,42.87,4.85,"Feb 14, 2022 - Feb 18, 2022",1.48 (0.71%),"Nov 16, 2021",222.86
426,WAB,91.87,92.22,93.03 x 900,93.13 x 900,91.87 - 93.56,71.05 - 99.17,"599,634","854,658",17.438B,1.63,38.75,2.41,"Feb 16, 2022 - Feb 21, 2022",0.48 (0.52%),"Nov 12, 2021",98.40
427,WMT,143.44,143.43,145.56 x 800,145.42 x 1000,143.11 - 145.68,126.28 - 152.57,"7,374,835","8,876,823",403.516B,0.53,51.22,2.84,"Feb 17, 2022",2.20 (1.53%),"Dec 09, 2021",169.39
428,WBA,53.91,54.19,54.11 x 1400,54.45 x 800,53.56 - 54.72,43.62 - 57.05,"6,901,578","6,536,430",46.781B,0.55,7.31,7.42,"Mar 29, 2022 - Apr 04, 2022",1.91 (3.54%),"Nov 12, 2021",53.26
429,DIS,157.80,157.70,155.17 x 1000,156.00 x 900,155.18 - 158.53,142.04 - 203.02,"8,699,193","12,669,026",282.537B,1.19,142.08,1.09,"Feb 09, 2022",N/A (N/A),"Dec 13, 2019",N/A
430,WM,162.85,162.65,161.76 x 1100,161.95 x 800,160.69 - 163.88,109.11 - 168.04,"1,560,354","1,634,115",67.667B,0.83,39.26,4.12,"Feb 02, 2022",2.60 (1.61%),"Dec 02, 2021",165.79
431,WEC,97.07,97.11,96.16 x 1000,96.21 x 1000,94.96 - 97.11,80.55 - 99.86,"650,706","1,115,907",30.277B,0.23,23.13,4.15,"Feb 03, 2022",2.91 (3.00%),"Feb 11, 2022",96.58
432,WFC,56.40,56.60,55.95 x 2200,56.00 x 1800,55.76 - 57.18,29.68 - 57.18,"33,226,495","26,080,984",223.285B,1.30,13.36,4.19,"Jan 14, 2022",0.80 (1.42%),"Nov 04, 2021",57.21
433,WELL,87.83,87.42,87.35 x 900,87.37 x 800,86.67 - 87.61,59.38 - 89.80,"2,488,665","2,067,928",38.104B,1.02,84.58,1.03,"Feb 07, 2022 - Feb 11, 2022",2.44 (2.78%),"Nov 15, 2021",92.92
434,WST,390.47,388.08,390.32 x 900,391.07 x 800,379.61 - 392.87,253.86 - 475.35,"549,300","383,058",29.081B,0.97,48.69,8.06,"Feb 16, 2022 - Feb 21, 2022",0.72 (0.18%),"Jan 18, 2022",457.00
435,WDC,66.54,66.95,66.49 x 800,66.70 x 1100,66.15 - 67.76,48.94 - 78.19,"2,493,803","3,893,101",20.726B,1.54,13.91,4.78,"Jan 27, 2022",N/A (N/A),"Apr 02, 2020",N/A
436,WRK,46.94,47.13,45.64 x 900,45.66 x 1800,45.45 - 47.65,40.04 - 62.03,"704,667","1,969,723",11.973B,1.19,14.54,3.13,"Feb 03, 2022",1.00 (2.13%),"Nov 09, 2021",55.85
437,WY,40.73,40.73,41.05 x 1100,41.35 x 1000,40.64 - 41.52,30.87 - 41.68,"3,304,123","3,542,137",30.748B,1.75,12.40,3.31,"Jan 28, 2022",0.68 (1.67%),"Dec 02, 2021",43.11
438,WHR,225.26,226.75,226.90 x 900,234.26 x 800,225.35 - 230.74,180.44 - 257.68,"362,613","616,774",13.775B,1.75,7.23,31.35,"Jan 26, 2022",5.60 (2.49%),"Nov 18, 2021",255.67
439,WMB,29.20,29.20,29.18 x 1400,29.19 x 2200,29.06 - 29.35,21.05 - 29.89,"1,654,012","8,027,877",35.503B,1.45,35.63,0.82,"Feb 21, 2022 - Feb 25, 2022",1.64 (5.68%),"Dec 09, 2021",31.39
440,WYNN,85.30,86.17,85.62 x 1100,86.44 x 1100,85.53 - 87.06,76.03 - 143.88,"2,636,018","3,345,332",9.923B,2.41,N/A,-7.59,"Feb 02, 2022 - Feb 07, 2022",N/A (N/A),"Feb 25, 2020",103.00
441,XEL,68.60,68.34,68.51 x 800,68.55 x 800,67.85 - 68.66,57.23 - 72.94,"940,461","3,373,617",36.924B,0.38,23.44,2.92,"Jan 27, 2022",1.83 (2.67%),"Dec 21, 2021",71.69
442,XLNX,197.87,200.16,191.15 x 1100,202.00 x 1100,190.32 - 203.25,111.84 - 239.79,"2,813,379","2,756,246",47.427B,0.95,59.44,3.22,"Jan 25, 2022 - Jan 31, 2022",1.48 (0.75%),"Nov 05, 2021",192.57
443,YUM,129.15,129.29,128.83 x 1200,129.03 x 800,128.49 - 129.63,101.18 - 139.85,"1,488,210","1,325,880",37.758B,1.09,24.88,5.18,"Feb 09, 2022",2.00 (1.55%),"Nov 24, 2021",140.52
444,ZBRA,538.44,539.82,526.24 x 1000,527.30 x 1000,524.38 - 543.24,380.64 - 615.00,"293,005","268,533",28.1B,1.53,33.52,15.68,"Feb 10, 2022 - Feb 15, 2022",N/A (N/A),N/A,639.09
445,ZBH,125.58,126.18,127.93 x 1000,127.89 x 900,126.08 - 129.52,116.60 - 180.36,"1,598,403","1,631,741",26.755B,1.25,32.72,3.91,"Feb 07, 2022",0.96 (0.76%),"Dec 27, 2021",162.73
446,ZTS,212.81,212.47,206.93 x 1200,206.97 x 1200,206.40 - 213.60,141.41 - 249.27,"2,298,767","1,632,115",97.937B,0.66,49.89,4.15,"Feb 15, 2022",1.30 (0.61%),"Jan 19, 2022",248.83
